Title,SKU,Option1 Value
2024 Presidents Cup Golf Polo LIMITED EDITION,810151236254,S
2024 Presidents Cup Golf Polo LIMITED EDITION,810151236261,M
2024 Presidents Cup Golf Polo LIMITED EDITION,810151236278,L
2024 Presidents Cup Golf Polo LIMITED EDITION,810151236285,XL
2024 Presidents Cup Golf Polo LIMITED EDITION,810151236292,XXL
2024 Presidents Cup Golf Polo LIMITED EDITION,810151236476,3XL
2024 Presidents Cup Golf Polo LIMITED EDITION,810151236483,4XL
8-Track Golf Polo,810029132806,3XL
8-Track Golf Polo,810029132806,3XL
8-Track Golf Polo,810029132806,3XL
8-Track Golf Polo,850029132752,S
8-Track Golf Polo,850029132752,S
8-Track Golf Polo,850029132752,S
8-Track Golf Polo,850029132769,M
8-Track Golf Polo,850029132769,M
8-Track Golf Polo,850029132769,M
8-Track Golf Polo,850029132776,L
8-Track Golf Polo,850029132776,L
8-Track Golf Polo,850029132776,L
8-Track Golf Polo,850029132783,XL
8-Track Golf Polo,850029132783,XL
8-Track Golf Polo,850029132783,XL
8-Track Golf Polo,850029132790,XXL
8-Track Golf Polo,850029132790,XXL
8-Track Golf Polo,850029132790,XXL
8-Track Golf Polo,850029132813,4XL
8-Track Golf Polo,850029132813,4XL
8-Track Golf Polo,850029132813,4XL
8-Track Golf Polo - MSRP $39.95,810029132806,3XL
8-Track Golf Polo - MSRP $39.95,810029132806,3XL
8-Track Golf Polo - MSRP $39.95,810029132806,3XL
8-Track Golf Polo - MSRP $39.95,850029132752,S
8-Track Golf Polo - MSRP $39.95,850029132752,S
8-Track Golf Polo - MSRP $39.95,850029132752,S
8-Track Golf Polo - MSRP $39.95,850029132769,M
8-Track Golf Polo - MSRP $39.95,850029132769,M
8-Track Golf Polo - MSRP $39.95,850029132769,M
8-Track Golf Polo - MSRP $39.95,850029132776,L
8-Track Golf Polo - MSRP $39.95,850029132776,L
8-Track Golf Polo - MSRP $39.95,850029132776,L
8-Track Golf Polo - MSRP $39.95,850029132783,XL
8-Track Golf Polo - MSRP $39.95,850029132783,XL
8-Track Golf Polo - MSRP $39.95,850029132783,XL
8-Track Golf Polo - MSRP $39.95,850029132790,XXL
8-Track Golf Polo - MSRP $39.95,850029132790,XXL
8-Track Golf Polo - MSRP $39.95,850029132790,XXL
8-Track Golf Polo - MSRP $39.95,850029132813,4XL
8-Track Golf Polo - MSRP $39.95,850029132813,4XL
8-Track Golf Polo - MSRP $39.95,850029132813,4XL
8-Track Women's Golf Polo,810111401913,3XL
8-Track Women's Golf Polo,850040321098,XS
8-Track Women's Golf Polo,850040321104,S
8-Track Women's Golf Polo,850040321111,M
8-Track Women's Golf Polo,850040321128,L
8-Track Women's Golf Polo,850040321135,XL
8-Track Women's Golf Polo,850040321142,XXL
8-Track Women's Sleeveless Golf Polo,810111405003,3XL
8-Track Women's Sleeveless Golf Polo,810111408127,XS
8-Track Women's Sleeveless Golf Polo,810111408134,S
8-Track Women's Sleeveless Golf Polo,810111408141,M
8-Track Women's Sleeveless Golf Polo,810111408158,L
8-Track Women's Sleeveless Golf Polo,810111408165,XL
8-Track Women's Sleeveless Golf Polo,810111408172,XXL
8-Track Youth Golf Polo,810151230962,YXS
8-Track Youth Golf Polo,810151230979,YS
8-Track Youth Golf Polo,810151230979,YS
8-Track Youth Golf Polo,810151230986,YM
8-Track Youth Golf Polo,810151230986,YM
8-Track Youth Golf Polo,810151230993,YL
8-Track Youth Golf Polo,810151230993,YL
8-Track Youth Golf Polo,810151231006,YXL
8-Track Youth Golf Polo,810151231006,YXL
Abstract Golf Polo,810111407427,S
Abstract Golf Polo,810111407434,M
Abstract Golf Polo,810111407441,L
Abstract Golf Polo,810111407458,XL
Abstract Golf Polo,810111407465,XXL
Abstract Golf Polo,810111407472,3XL
Abstract Golf Polo,810111407489,4XL
Ace Golf Polo,810151232416,S
Ace Golf Polo,810151232423,M
Ace Golf Polo,810151232430,L
Ace Golf Polo,810151232447,XL
Ace Golf Polo,810151232454,XXL
Ace Golf Polo,810151232461,3XL
Ace Golf Polo,810151232478,4XL
Albatross Golf Polo,810151232553,S
Albatross Golf Polo,810151232560,M
Albatross Golf Polo,810151232577,L
Albatross Golf Polo,810151232584,XL
Albatross Golf Polo,810151232591,XXL
Albatross Golf Polo,810151232607,3XL
Albatross Golf Polo,810151232614,4XL
Albatross Women's Golf Polo,810151232973,XS
Albatross Women's Golf Polo,810151232980,S
Albatross Women's Golf Polo,810151232997,M
Albatross Women's Golf Polo,810151233000,L
Albatross Women's Golf Polo,810151233017,XL
Albatross Women's Golf Polo,810151233024,XXL
Albatross Women's Golf Polo,810151233031,3XL
Aloha Sunrise Women's Golf Polo,810111401883,3XL
Aloha Sunrise Women's Golf Polo,850040321395,XS
Aloha Sunrise Women's Golf Polo,850040321401,S
Aloha Sunrise Women's Golf Polo,850040321418,M
Aloha Sunrise Women's Golf Polo,850040321425,L
Aloha Sunrise Women's Golf Polo,850040321432,XL
Aloha Sunrise Women's Golf Polo,850040321449,XXL
Aloha Sunrise Women's Sleeveless Golf Polo,810151234489,XS
Aloha Sunrise Women's Sleeveless Golf Polo,810151234496,S
Aloha Sunrise Women's Sleeveless Golf Polo,810151234502,M
Aloha Sunrise Women's Sleeveless Golf Polo,810151234519,L
Aloha Sunrise Women's Sleeveless Golf Polo,810151234526,XL
Aloha Sunrise Women's Sleeveless Golf Polo,810151234533,XXL
Aloha Sunrise Women's Sleeveless Golf Polo,810151234601,3XL
Aloha ʻĀina Golf Polo,810151238982,S
Aloha ʻĀina Golf Polo,810151238999,M
Aloha ʻĀina Golf Polo,810151239002,L
Aloha ʻĀina Golf Polo,810151239019,XL
Aloha ʻĀina Golf Polo,810151239026,XXL
Aloha ʻĀina Golf Polo,810151239033,3XL
Aloha ʻĀina Golf Polo,810151239040,4XL
Aloha ʻĀina Women's Golf Polo,810151239477,XS
Aloha ʻĀina Women's Golf Polo,810151239484,S
Aloha ʻĀina Women's Golf Polo,810151239491,M
Aloha ʻĀina Women's Golf Polo,810151239507,L
Aloha ʻĀina Women's Golf Polo,810151239514,XL
Aloha ʻĀina Women's Golf Polo,810151239521,XXL
Aloha ʻĀina Women's Golf Polo,810151239538,3XL
Aquadile Golf Polo,810151231150,S
Aquadile Golf Polo,810151231167,M
Aquadile Golf Polo,810151231174,L
Aquadile Golf Polo,810151231181,XL
Aquadile Golf Polo,810151231198,XXL
Aquadile Golf Polo,810151231204,3XL
Aquadile Golf Polo,810151231211,4XL
Aquadile Women's Golf Polo,810151232133,XS
Aquadile Women's Golf Polo,810151232140,S
Aquadile Women's Golf Polo,810151232157,M
Aquadile Women's Golf Polo,810151232164,L
Aquadile Women's Golf Polo,810151232171,XL
Aquadile Women's Golf Polo,810151232188,XXL
Aquadile Women's Golf Polo,810151232195,3XL
Arizona Sunset Golf Polo,810111409568,S
Arizona Sunset Golf Polo,810111409575,M
Arizona Sunset Golf Polo,810111409582,L
Arizona Sunset Golf Polo,810111409599,XL
Arizona Sunset Golf Polo,810111409605,XXL
Arizona Sunset Golf Polo,810111409612,3XL
Arizona Sunset Golf Polo,810111409629,4XL
Augusta Fade Polo. LIMITED EDITION.,810151238005,S
Augusta Fade Polo. LIMITED EDITION.,810151238012,M
Augusta Fade Polo. LIMITED EDITION.,810151238029,L
Augusta Fade Polo. LIMITED EDITION.,810151238036,XL
Augusta Fade Polo. LIMITED EDITION.,810151238043,XXL
Augusta Fade Polo. LIMITED EDITION.,810151238050,3XL
Augusta Fade Polo. LIMITED EDITION.,810151238067,4XL
Augusta Fade Polo. Women's. LIMITED EDITION.,810151238074,XS
Augusta Fade Polo. Women's. LIMITED EDITION.,810151238081,S
Augusta Fade Polo. Women's. LIMITED EDITION.,810151238098,M
Augusta Fade Polo. Women's. LIMITED EDITION.,810151238104,L
Augusta Fade Polo. Women's. LIMITED EDITION.,810151238111,XL
Augusta Fade Polo. Women's. LIMITED EDITION.,810151238128,XXL
Augusta Fade Polo. Women's. LIMITED EDITION.,810151238135,3XL
Augusta Golf Polo. LIMITED EDITION.,810151232270,S
Augusta Golf Polo. LIMITED EDITION.,810151232287,M
Augusta Golf Polo. LIMITED EDITION.,810151232294,L
Augusta Golf Polo. LIMITED EDITION.,810151232300,XL
Augusta Golf Polo. LIMITED EDITION.,810151232317,XXL
Augusta Golf Polo. LIMITED EDITION.,810151232324,3XL
Augusta Golf Polo. LIMITED EDITION.,810151232331,4XL
Augusta Polo. Women's. LIMITED EDITION.,810151232348,XS
Augusta Polo. Women's. LIMITED EDITION.,810151232355,S
Augusta Polo. Women's. LIMITED EDITION.,810151232362,M
Augusta Polo. Women's. LIMITED EDITION.,810151232379,L
Augusta Polo. Women's. LIMITED EDITION.,810151232386,XL
Augusta Polo. Women's. LIMITED EDITION.,810151232393,XXL
Augusta Polo. Women's. LIMITED EDITION.,810151232409,3XL
Augusta Polo. Youth. LIMITED EDITION.,810151230979,YS
Augusta Polo. Youth. LIMITED EDITION.,810151230979,YS
Augusta Polo. Youth. LIMITED EDITION.,810151230986,YM
Augusta Polo. Youth. LIMITED EDITION.,810151230986,YM
Augusta Polo. Youth. LIMITED EDITION.,810151230993,YL
Augusta Polo. Youth. LIMITED EDITION.,810151230993,YL
Augusta Polo. Youth. LIMITED EDITION.,810151231006,YXL
Augusta Polo. Youth. LIMITED EDITION.,810151231006,YXL
Augusta Prestige Golf Polo. LIMITED EDITION.,810151238210,S
Augusta Prestige Golf Polo. LIMITED EDITION.,810151238227,M
Augusta Prestige Golf Polo. LIMITED EDITION.,810151238234,L
Augusta Prestige Golf Polo. LIMITED EDITION.,810151238241,XL
Augusta Prestige Golf Polo. LIMITED EDITION.,810151238258,XXL
Augusta Prestige Golf Polo. LIMITED EDITION.,810151238265,3XL
Augusta Prestige Golf Polo. LIMITED EDITION.,810151238272,4XL
Augusta Prestige Golf Polo. Women's. LIMITED EDITION.,810151238289,XS
Augusta Prestige Golf Polo. Women's. LIMITED EDITION.,810151238296,S
Augusta Prestige Golf Polo. Women's. LIMITED EDITION.,810151238302,M
Augusta Prestige Golf Polo. Women's. LIMITED EDITION.,810151238319,L
Augusta Prestige Golf Polo. Women's. LIMITED EDITION.,810151238326,XL
Augusta Prestige Golf Polo. Women's. LIMITED EDITION.,810151238333,XXL
Augusta Prestige Golf Polo. Women's. LIMITED EDITION.,810151238340,3XL
Azure Tropics Women's Golf Polo,810111400473,XS
Azure Tropics Women's Golf Polo,810111400480,S
Azure Tropics Women's Golf Polo,810111400497,M
Azure Tropics Women's Golf Polo,810111400503,L
Azure Tropics Women's Golf Polo,810111400510,XL
Azure Tropics Women's Golf Polo,810111400527,XXL
Azure Tropics Women's Golf Polo,810111400534,3XL
BLANK CHEST - 8-Track Women's Sleeveless Golf Polo,200111405003,3XL
BLANK CHEST - 8-Track Women's Sleeveless Golf Polo,200111408127,XS
BLANK CHEST - 8-Track Women's Sleeveless Golf Polo,200111408134,S
BLANK CHEST - 8-Track Women's Sleeveless Golf Polo,200111408141,M
BLANK CHEST - 8-Track Women's Sleeveless Golf Polo,200111408158,L
BLANK CHEST - 8-Track Women's Sleeveless Golf Polo,200111408165,XL
BLANK CHEST - 8-Track Women's Sleeveless Golf Polo,200111408172,XXL
BLANK CHEST - Arizona Sunset Golf Polo,200111409568,S
BLANK CHEST - Arizona Sunset Golf Polo,200111409575,M
BLANK CHEST - Arizona Sunset Golf Polo,200111409582,L
BLANK CHEST - Arizona Sunset Golf Polo,200111409599,XL
BLANK CHEST - Arizona Sunset Golf Polo,200111409605,XXL
BLANK CHEST - Arizona Sunset Golf Polo,200111409612,3XL
BLANK CHEST - Arizona Sunset Golf Polo,200111409629,4XL
BLANK CHEST - Baby Fade V2 Women's Golf Polo,200111406239,XS
BLANK CHEST - Baby Fade V2 Women's Golf Polo,200111406246,S
BLANK CHEST - Baby Fade V2 Women's Golf Polo,200111406253,M
BLANK CHEST - Baby Fade V2 Women's Golf Polo,200111406260,L
BLANK CHEST - Baby Fade V2 Women's Golf Polo,200111406277,XL
BLANK CHEST - Baby Fade V2 Women's Golf Polo,200111406284,XXL
BLANK CHEST - Baby Fade V2 Women's Golf Polo,200111406291,3XL
BLANK CHEST - Birdie Dropper Women's Sleeveless Golf Polo,200111405010,3XL
BLANK CHEST - Birdie Dropper Women's Sleeveless Golf Polo,200111408189,XS
BLANK CHEST - Birdie Dropper Women's Sleeveless Golf Polo,200111408196,S
BLANK CHEST - Birdie Dropper Women's Sleeveless Golf Polo,200111408202,M
BLANK CHEST - Birdie Dropper Women's Sleeveless Golf Polo,200111408219,L
BLANK CHEST - Birdie Dropper Women's Sleeveless Golf Polo,200111408226,XL
BLANK CHEST - Birdie Dropper Women's Sleeveless Golf Polo,200111408233,XXL
BLANK CHEST - Classy Mingo Golf Polo,200111407076,S
BLANK CHEST - Classy Mingo Golf Polo,200111407083,M
BLANK CHEST - Classy Mingo Golf Polo,200111407090,L
BLANK CHEST - Classy Mingo Golf Polo,200111407106,XL
BLANK CHEST - Classy Mingo Golf Polo,200111407113,XXL
BLANK CHEST - Classy Mingo Golf Polo,200111407120,3XL
BLANK CHEST - Classy Mingo Golf Polo,200111407137,4XL
BLANK CHEST - Deep Sea Golf Polo,200111405812,S
BLANK CHEST - Deep Sea Golf Polo,200111405829,M
BLANK CHEST - Deep Sea Golf Polo,200111405836,L
BLANK CHEST - Deep Sea Golf Polo,200111405843,XL
BLANK CHEST - Deep Sea Golf Polo,200111405850,XXL
BLANK CHEST - Deep Sea Golf Polo,200111405867,3XL
BLANK CHEST - Deep Sea Golf Polo,200111405874,4XL
BLANK CHEST - Deep Sea Women's Golf Polo,200111406512,XS
BLANK CHEST - Deep Sea Women's Golf Polo,200111406529,S
BLANK CHEST - Deep Sea Women's Golf Polo,200111406536,M
BLANK CHEST - Deep Sea Women's Golf Polo,200111406543,L
BLANK CHEST - Deep Sea Women's Golf Polo,200111406550,XL
BLANK CHEST - Deep Sea Women's Golf Polo,200111406567,XXL
BLANK CHEST - Deep Sea Women's Golf Polo,200111406574,3XL
BLANK CHEST - Deep Sea Women's Sleeveless Golf Polo,200151234427,XS
BLANK CHEST - Deep Sea Women's Sleeveless Golf Polo,200151234434,S
BLANK CHEST - Deep Sea Women's Sleeveless Golf Polo,200151234441,M
BLANK CHEST - Deep Sea Women's Sleeveless Golf Polo,200151234458,L
BLANK CHEST - Deep Sea Women's Sleeveless Golf Polo,200151234465,XL
BLANK CHEST - Deep Sea Women's Sleeveless Golf Polo,200151234472,XXL
BLANK CHEST - Deep Sea Women's Sleeveless Golf Polo,200151234588,3XL
BLANK CHEST - Jungle Hibiscus Golf Polo,200111401623,4XL
BLANK CHEST - Jungle Hibiscus Golf Polo,200111401630,3XL
BLANK CHEST - Jungle Hibiscus Golf Polo,200111401647,XXL
BLANK CHEST - Jungle Hibiscus Golf Polo,200111401654,XL
BLANK CHEST - Jungle Hibiscus Golf Polo,200111401661,L
BLANK CHEST - Jungle Hibiscus Golf Polo,200111401678,M
BLANK CHEST - Jungle Hibiscus Golf Polo,200111401685,S
BLANK CHEST - Jungle Hibiscus Women's Golf Polo,200111406161,XS
BLANK CHEST - Jungle Hibiscus Women's Golf Polo,200111406178,S
BLANK CHEST - Jungle Hibiscus Women's Golf Polo,200111406185,M
BLANK CHEST - Jungle Hibiscus Women's Golf Polo,200111406192,L
BLANK CHEST - Jungle Hibiscus Women's Golf Polo,200111406208,XL
BLANK CHEST - Jungle Hibiscus Women's Golf Polo,200111406215,XXL
BLANK CHEST - Jungle Hibiscus Women's Golf Polo,200111406222,3XL
BLANK CHEST - Just Beachy Golf Polo,200030643643,S
BLANK CHEST - Just Beachy Golf Polo,200030643650,M
BLANK CHEST - Just Beachy Golf Polo,200030643667,L
BLANK CHEST - Just Beachy Golf Polo,200030643674,XL
BLANK CHEST - Just Beachy Golf Polo,200030643681,XXL
BLANK CHEST - Just Beachy Golf Polo,200030643698,3XL
BLANK CHEST - Just Beachy Golf Polo,200030643704,4XL
BLANK CHEST - Just Beachy Women's Golf Polo,200040321333,XS
BLANK CHEST - Just Beachy Women's Golf Polo,200040321340,S
BLANK CHEST - Just Beachy Women's Golf Polo,200040321357,M
BLANK CHEST - Just Beachy Women's Golf Polo,200040321364,L
BLANK CHEST - Just Beachy Women's Golf Polo,200040321371,XL
BLANK CHEST - Just Beachy Women's Golf Polo,200040321388,XXL
BLANK CHEST - Just Beachy Women's Golf Polo,200111401876,3XL
BLANK CHEST - Just Beachy Women's Sleeveless Golf Polo,200111402064,3XL
BLANK CHEST - Just Beachy Women's Sleeveless Golf Polo,200111408066,XS
BLANK CHEST - Just Beachy Women's Sleeveless Golf Polo,200111408073,S
BLANK CHEST - Just Beachy Women's Sleeveless Golf Polo,200111408080,M
BLANK CHEST - Just Beachy Women's Sleeveless Golf Polo,200111408097,L
BLANK CHEST - Just Beachy Women's Sleeveless Golf Polo,200111408103,XL
BLANK CHEST - Just Beachy Women's Sleeveless Golf Polo,200111408110,XXL
BLANK CHEST - Midnight Blue Golf Polo,200030643780,S
BLANK CHEST - Midnight Blue Golf Polo,200030643797,M
BLANK CHEST - Midnight Blue Golf Polo,200030643803,L
BLANK CHEST - Midnight Blue Golf Polo,200030643810,XL
BLANK CHEST - Midnight Blue Golf Polo,200030643827,XXL
BLANK CHEST - Midnight Blue Golf Polo,200030643834,3XL
BLANK CHEST - Midnight Blue Golf Polo,200030643841,4XL
BLANK CHEST - Midnight Blue Women's Golf Polo,200111409285,XS
BLANK CHEST - Midnight Blue Women's Golf Polo,200111409292,S
BLANK CHEST - Midnight Blue Women's Golf Polo,200111409308,M
BLANK CHEST - Midnight Blue Women's Golf Polo,200111409315,L
BLANK CHEST - Midnight Blue Women's Golf Polo,200111409322,XL
BLANK CHEST - Midnight Blue Women's Golf Polo,200111409339,XXL
BLANK CHEST - Midnight Blue Women's Golf Polo,200111409346,3XL
BLANK CHEST - Purplicious Women's Golf Polo,200040321159,XS
BLANK CHEST - Purplicious Women's Golf Polo,200040321166,S
BLANK CHEST - Purplicious Women's Golf Polo,200040321173,M
BLANK CHEST - Purplicious Women's Golf Polo,200040321180,L
BLANK CHEST - Purplicious Women's Golf Polo,200040321197,XL
BLANK CHEST - Purplicious Women's Golf Polo,200040321203,XXL
BLANK CHEST - Purplicious Women's Golf Polo,200111401845,3XL
BLANK CHEST - Purplicious Women's Golf Polo,200111409162,4XL
BLANK CHEST - Purplicious Women's Sleeveless Golf Polo,200111402132,3XL
BLANK CHEST - Purplicious Women's Sleeveless Golf Polo,200111408004,XS
BLANK CHEST - Purplicious Women's Sleeveless Golf Polo,200111408011,S
BLANK CHEST - Purplicious Women's Sleeveless Golf Polo,200111408028,M
BLANK CHEST - Purplicious Women's Sleeveless Golf Polo,200111408035,L
BLANK CHEST - Purplicious Women's Sleeveless Golf Polo,200111408042,XL
BLANK CHEST - Purplicious Women's Sleeveless Golf Polo,200111408059,XXL
BLANK CHEST - The Patriot Golf Polo,200029132042,S
BLANK CHEST - The Patriot Golf Polo,200029132059,M
BLANK CHEST - The Patriot Golf Polo,200029132066,L
BLANK CHEST - The Patriot Golf Polo,200029132073,XL
BLANK CHEST - The Patriot Golf Polo,200029132080,XXL
BLANK CHEST - The Patriot Golf Polo,200029132097,3XL
BLANK CHEST - The Patriot Golf Polo,200029132370,4XL
BLANK CHEST - Violet Vogue Women's Golf Polo,200111406659,XS
BLANK CHEST - Violet Vogue Women's Golf Polo,200111406666,S
BLANK CHEST - Violet Vogue Women's Golf Polo,200111406673,M
BLANK CHEST - Violet Vogue Women's Golf Polo,200111406680,L
BLANK CHEST - Violet Vogue Women's Golf Polo,200111406697,XL
BLANK CHEST - Violet Vogue Women's Golf Polo,200111406703,XXL
BLANK CHEST - Violet Vogue Women's Golf Polo,200111406710,3XL
BLANK CHEST 8-Track Golf Polo,200029132752,S
BLANK CHEST 8-Track Golf Polo,200029132769,M
BLANK CHEST 8-Track Golf Polo,200029132776,L
BLANK CHEST 8-Track Golf Polo,200029132783,XL
BLANK CHEST 8-Track Golf Polo,200029132790,XXL
BLANK CHEST 8-Track Golf Polo,200029132806,3XL
BLANK CHEST 8-Track Golf Polo,200029132813,4XL
BLANK CHEST 8-Track Women's Golf Polo,200040321098,XS
BLANK CHEST 8-Track Women's Golf Polo,200040321104,S
BLANK CHEST 8-Track Women's Golf Polo,200040321111,M
BLANK CHEST 8-Track Women's Golf Polo,200040321128,L
BLANK CHEST 8-Track Women's Golf Polo,200040321135,XL
BLANK CHEST 8-Track Women's Golf Polo,200040321142,XXL
BLANK CHEST 8-Track Women's Golf Polo,200111401913,3XL
BLANK CHEST Ace Golf Polo,200151232416,S
BLANK CHEST Ace Golf Polo,200151232423,M
BLANK CHEST Ace Golf Polo,200151232430,L
BLANK CHEST Ace Golf Polo,200151232447,XL
BLANK CHEST Ace Golf Polo,200151232454,XXL
BLANK CHEST Ace Golf Polo,200151232461,3XL
BLANK CHEST Ace Golf Polo,200151232478,4XL
BLANK CHEST Aloha Sunrise Women's Golf Polo,200040321395,XS
BLANK CHEST Aloha Sunrise Women's Golf Polo,200040321401,S
BLANK CHEST Aloha Sunrise Women's Golf Polo,200040321418,M
BLANK CHEST Aloha Sunrise Women's Golf Polo,200040321425,L
BLANK CHEST Aloha Sunrise Women's Golf Polo,200040321432,XL
BLANK CHEST Aloha Sunrise Women's Golf Polo,200040321449,XXL
BLANK CHEST Aloha Sunrise Women's Golf Polo,200111401883,3XL
BLANK CHEST Aloha Sunrise Women's Sleeveless Golf Polo,200151234489,XS
BLANK CHEST Aloha Sunrise Women's Sleeveless Golf Polo,200151234496,S
BLANK CHEST Aloha Sunrise Women's Sleeveless Golf Polo,200151234502,M
BLANK CHEST Aloha Sunrise Women's Sleeveless Golf Polo,200151234519,L
BLANK CHEST Aloha Sunrise Women's Sleeveless Golf Polo,200151234526,XL
BLANK CHEST Aloha Sunrise Women's Sleeveless Golf Polo,200151234533,XXL
BLANK CHEST Aloha Sunrise Women's Sleeveless Golf Polo,200151234601,3XL
BLANK CHEST Aloha ʻĀina Golf Polo,200151238982,S
BLANK CHEST Aloha ʻĀina Golf Polo,200151238999,M
BLANK CHEST Aloha ʻĀina Golf Polo,200151239002,L
BLANK CHEST Aloha ʻĀina Golf Polo,200151239019,XL
BLANK CHEST Aloha ʻĀina Golf Polo,200151239026,XXL
BLANK CHEST Aloha ʻĀina Golf Polo,200151239033,3XL
BLANK CHEST Aloha ʻĀina Golf Polo,200151239040,4XL
BLANK CHEST Augusta Golf Polo,200151232270,S
BLANK CHEST Augusta Golf Polo,200151232287,M
BLANK CHEST Augusta Golf Polo,200151232294,L
BLANK CHEST Augusta Golf Polo,200151232300,XL
BLANK CHEST Augusta Golf Polo,200151232317,XXL
BLANK CHEST Augusta Golf Polo,200151232324,3XL
BLANK CHEST Augusta Golf Polo,200151232331,4XL
BLANK CHEST Baby Fade Golf Polo,200004981817,M
BLANK CHEST Baby Fade Golf Polo,200004981824,L
BLANK CHEST Baby Fade Golf Polo,200004981831,XL
BLANK CHEST Baby Fade Golf Polo,200004981848,XXL
BLANK CHEST Baby Fade Golf Polo,200004981855,3XL
BLANK CHEST Baby Fade Golf Polo,200004981862,4XL
BLANK CHEST Baby Fade Golf Polo,200030643995,S
BLANK CHEST Baby Fade Women's Sleeveless Golf Polo,200151234304,XS
BLANK CHEST Baby Fade Women's Sleeveless Golf Polo,200151234311,S
BLANK CHEST Baby Fade Women's Sleeveless Golf Polo,200151234328,M
BLANK CHEST Baby Fade Women's Sleeveless Golf Polo,200151234335,L
BLANK CHEST Baby Fade Women's Sleeveless Golf Polo,200151234342,XL
BLANK CHEST Baby Fade Women's Sleeveless Golf Polo,200151234359,XXL
BLANK CHEST Baby Fade Women's Sleeveless Golf Polo,200151234571,3XL
BLANK CHEST Birdie Dropper Golf Polo,200029132684,S
BLANK CHEST Birdie Dropper Golf Polo,200029132691,M
BLANK CHEST Birdie Dropper Golf Polo,200029132707,L
BLANK CHEST Birdie Dropper Golf Polo,200029132714,XL
BLANK CHEST Birdie Dropper Golf Polo,200029132721,XXL
BLANK CHEST Birdie Dropper Golf Polo,200029132738,3XL
BLANK CHEST Birdie Dropper Golf Polo,200029132745,4XL
BLANK CHEST Birdie Dropper Women's Golf Polo,200004981879,XS
BLANK CHEST Birdie Dropper Women's Golf Polo,200004981886,S
BLANK CHEST Birdie Dropper Women's Golf Polo,200004981893,M
BLANK CHEST Birdie Dropper Women's Golf Polo,200040321005,XL
BLANK CHEST Birdie Dropper Women's Golf Polo,200040321012,L
BLANK CHEST Birdie Dropper Women's Golf Polo,200040321029,XXL
BLANK CHEST Birdie Dropper Women's Golf Polo,200111401890,3XL
BLANK CHEST Black Glitter Golf Polo,200030643193,S
BLANK CHEST Black Glitter Golf Polo,200030643209,M
BLANK CHEST Black Glitter Golf Polo,200030643216,L
BLANK CHEST Black Glitter Golf Polo,200030643223,XL
BLANK CHEST Black Glitter Golf Polo,200030643230,XXL
BLANK CHEST Black Glitter Golf Polo,200030643285,3XL
BLANK CHEST Black Glitter Golf Polo,200030643292,4XL
BLANK CHEST Bubbilicious Golf Polo,200111407144,S
BLANK CHEST Bubbilicious Golf Polo,200111407151,M
BLANK CHEST Bubbilicious Golf Polo,200111407168,L
BLANK CHEST Bubbilicious Golf Polo,200111407175,XL
BLANK CHEST Bubbilicious Golf Polo,200111407182,XXL
BLANK CHEST Bubbilicious Golf Polo,200111407199,3XL
BLANK CHEST Bubbilicious Golf Polo,200111407205,4XL
BLANK CHEST Chip Shot Golf Polo,200151231570,S
BLANK CHEST Chip Shot Golf Polo,200151231587,M
BLANK CHEST Chip Shot Golf Polo,200151231594,L
BLANK CHEST Chip Shot Golf Polo,200151231600,XL
BLANK CHEST Chip Shot Golf Polo,200151231617,XXL
BLANK CHEST Chip Shot Golf Polo,200151231624,3XL
BLANK CHEST Chip Shot Golf Polo,200151231631,4XL
BLANK CHEST Cookies & Cream Golf Polo,200151238562,S
BLANK CHEST Cookies & Cream Golf Polo,200151238579,M
BLANK CHEST Cookies & Cream Golf Polo,200151238586,L
BLANK CHEST Cookies & Cream Golf Polo,200151238593,XL
BLANK CHEST Cookies & Cream Golf Polo,200151238609,XXL
BLANK CHEST Cookies & Cream Golf Polo,200151238616,3XL
BLANK CHEST Cookies & Cream Golf Polo,200151238623,4XL
BLANK CHEST Cookies & Cream Women's Golf Polo,200151239682,XS
BLANK CHEST Cookies & Cream Women's Golf Polo,200151239699,S
BLANK CHEST Cookies & Cream Women's Golf Polo,200151239705,M
BLANK CHEST Cookies & Cream Women's Golf Polo,200151239712,L
BLANK CHEST Cookies & Cream Women's Golf Polo,200151239729,XL
BLANK CHEST Cookies & Cream Women's Golf Polo,200151239736,XXL
BLANK CHEST Cookies & Cream Women's Golf Polo,200151239743,3XL
BLANK CHEST Dahlia Drive Golf Polo,200151238708,S
BLANK CHEST Dahlia Drive Golf Polo,200151238715,M
BLANK CHEST Dahlia Drive Golf Polo,200151238722,L
BLANK CHEST Dahlia Drive Golf Polo,200151238739,XL
BLANK CHEST Dahlia Drive Golf Polo,200151238746,XXL
BLANK CHEST Dahlia Drive Golf Polo,200151238753,3XL
BLANK CHEST Dahlia Drive Golf Polo,200151238760,4XL
BLANK CHEST Freedom Track Women's Golf Polo,200151233116,XS
BLANK CHEST Freedom Track Women's Golf Polo,200151233123,S
BLANK CHEST Freedom Track Women's Golf Polo,200151233130,M
BLANK CHEST Freedom Track Women's Golf Polo,200151233147,L
BLANK CHEST Freedom Track Women's Golf Polo,200151233154,XL
BLANK CHEST Freedom Track Women's Golf Polo,200151233161,XXL
BLANK CHEST Freedom Track Women's Golf Polo,200151233178,3XL
BLANK CHEST Golf Op Camo Golf Polo,200030643926,S
BLANK CHEST Golf Op Camo Golf Polo,200030643933,M
BLANK CHEST Golf Op Camo Golf Polo,200030643940,L
BLANK CHEST Golf Op Camo Golf Polo,200030643957,XL
BLANK CHEST Golf Op Camo Golf Polo,200030643964,XXL
BLANK CHEST Golf Op Camo Golf Polo,200030643971,3XL
BLANK CHEST Golf Op Camo Golf Polo,200030643988,4XL
BLANK CHEST Graphite Glitch Golf Polo,200111407212,S
BLANK CHEST Graphite Glitch Golf Polo,200111407229,M
BLANK CHEST Graphite Glitch Golf Polo,200111407236,L
BLANK CHEST Graphite Glitch Golf Polo,200111407243,XL
BLANK CHEST Graphite Glitch Golf Polo,200111407250,XXL
BLANK CHEST Graphite Glitch Golf Polo,200111407267,3XL
BLANK CHEST Graphite Glitch Golf Polo,200111407274,4XL
BLANK CHEST Hala Kahiki Golf Polo,200151233536,S
BLANK CHEST Hala Kahiki Golf Polo,200151233543,M
BLANK CHEST Hala Kahiki Golf Polo,200151233550,L
BLANK CHEST Hala Kahiki Golf Polo,200151233567,XL
BLANK CHEST Hala Kahiki Golf Polo,200151233574,XXL
BLANK CHEST Hala Kahiki Golf Polo,200151233581,3XL
BLANK CHEST Hala Kahiki Golf Polo,200151233598,4XL
BLANK CHEST Ho'onanea Vibe Golf Polo,200151233468,S
BLANK CHEST Ho'onanea Vibe Golf Polo,200151233475,M
BLANK CHEST Ho'onanea Vibe Golf Polo,200151233482,L
BLANK CHEST Ho'onanea Vibe Golf Polo,200151233499,XL
BLANK CHEST Ho'onanea Vibe Golf Polo,200151233505,XXL
BLANK CHEST Ho'onanea Vibe Golf Polo,200151233512,3XL
BLANK CHEST Ho'onanea Vibe Golf Polo,200151233529,4XL
BLANK CHEST Light Wave Golf Polo,200030643858,S
BLANK CHEST Light Wave Golf Polo,200030643865,M
BLANK CHEST Light Wave Golf Polo,200030643872,L
BLANK CHEST Light Wave Golf Polo,200030643889,XL
BLANK CHEST Light Wave Golf Polo,200030643896,XXL
BLANK CHEST Light Wave Golf Polo,200030643902,3XL
BLANK CHEST Light Wave Golf Polo,200030643919,4XL
BLANK CHEST Miami 97 Women's Golf Polo,200151239262,XS
BLANK CHEST Miami 97 Women's Golf Polo,200151239279,S
BLANK CHEST Miami 97 Women's Golf Polo,200151239286,M
BLANK CHEST Miami 97 Women's Golf Polo,200151239293,L
BLANK CHEST Miami 97 Women's Golf Polo,200151239309,XL
BLANK CHEST Miami 97 Women's Golf Polo,200151239316,XXL
BLANK CHEST Miami 97 Women's Golf Polo,200151239323,3XL
BLANK CHEST Minty Mingo Women's Golf Polo,200151232768,XS
BLANK CHEST Minty Mingo Women's Golf Polo,200151232775,S
BLANK CHEST Minty Mingo Women's Golf Polo,200151232782,M
BLANK CHEST Minty Mingo Women's Golf Polo,200151232799,L
BLANK CHEST Minty Mingo Women's Golf Polo,200151232805,XL
BLANK CHEST Minty Mingo Women's Golf Polo,200151232812,XXL
BLANK CHEST Minty Mingo Women's Golf Polo,200151232829,3XL
BLANK CHEST Navy Daisy Golf Polo,200151238845,S
BLANK CHEST Navy Daisy Golf Polo,200151238852,M
BLANK CHEST Navy Daisy Golf Polo,200151238869,L
BLANK CHEST Navy Daisy Golf Polo,200151238876,XL
BLANK CHEST Navy Daisy Golf Polo,200151238883,XXL
BLANK CHEST Navy Daisy Golf Polo,200151238890,3XL
BLANK CHEST Navy Daisy Golf Polo,200151238906,4XL
BLANK CHEST Navy Daisy Women's Golf Polo,200151239545,XS
BLANK CHEST Navy Daisy Women's Golf Polo,200151239552,S
BLANK CHEST Navy Daisy Women's Golf Polo,200151239569,M
BLANK CHEST Navy Daisy Women's Golf Polo,200151239576,L
BLANK CHEST Navy Daisy Women's Golf Polo,200151239583,XL
BLANK CHEST Navy Daisy Women's Golf Polo,200151239590,XXL
BLANK CHEST Navy Daisy Women's Golf Polo,200151239606,3XL
BLANK CHEST POW Golf Polo,200111403528,XXL
BLANK CHEST POW Golf Polo,200111403535,3XL
BLANK CHEST POW Golf Polo,200111409759,S
BLANK CHEST POW Golf Polo,200111409766,M
BLANK CHEST POW Golf Polo,200111409773,L
BLANK CHEST POW Golf Polo,200111409780,XL
BLANK CHEST POW Golf Polo,200111409797,4XL
BLANK CHEST POW Women's Golf Polo,200111400688,XS
BLANK CHEST POW Women's Golf Polo,200111400695,S
BLANK CHEST POW Women's Golf Polo,200111400701,M
BLANK CHEST POW Women's Golf Polo,200111400718,L
BLANK CHEST POW Women's Golf Polo,200111400725,XL
BLANK CHEST POW Women's Golf Polo,200111400732,XXL
BLANK CHEST POW Women's Golf Polo,200111400749,3XL
BLANK CHEST Palm Bay Golf Polo,200111405607,S
BLANK CHEST Palm Bay Golf Polo,200111405614,M
BLANK CHEST Palm Bay Golf Polo,200111405621,L
BLANK CHEST Palm Bay Golf Polo,200111405638,XL
BLANK CHEST Palm Bay Golf Polo,200111405645,XXL
BLANK CHEST Palm Bay Golf Polo,200111405652,3XL
BLANK CHEST Palm Bay Golf Polo,200111405669,4XL
BLANK CHEST Palm Bay Women's Golf Polo,200151231853,XS
BLANK CHEST Palm Bay Women's Golf Polo,200151231860,S
BLANK CHEST Palm Bay Women's Golf Polo,200151231877,M
BLANK CHEST Palm Bay Women's Golf Polo,200151231884,L
BLANK CHEST Palm Bay Women's Golf Polo,200151231891,XL
BLANK CHEST Palm Bay Women's Golf Polo,200151231907,XXL
BLANK CHEST Palm Bay Women's Golf Polo,200151231914,3XL
BLANK CHEST Palm Noir Golf Polo,200151231365,S
BLANK CHEST Palm Noir Golf Polo,200151231372,M
BLANK CHEST Palm Noir Golf Polo,200151231389,L
BLANK CHEST Palm Noir Golf Polo,200151231396,XL
BLANK CHEST Palm Noir Golf Polo,200151231402,XXL
BLANK CHEST Palm Noir Golf Polo,200151231419,3XL
BLANK CHEST Palm Noir Golf Polo,200151231426,4XL
BLANK CHEST Palm Spice Golf Polo,200151232690,S
BLANK CHEST Palm Spice Golf Polo,200151232706,M
BLANK CHEST Palm Spice Golf Polo,200151232713,L
BLANK CHEST Palm Spice Golf Polo,200151232720,XL
BLANK CHEST Palm Spice Golf Polo,200151232737,XXL
BLANK CHEST Palm Spice Golf Polo,200151232744,3XL
BLANK CHEST Palm Spice Golf Polo,200151232751,4XL
BLANK CHEST Quicksilver Golf Polo,200151233604,S
BLANK CHEST Quicksilver Golf Polo,200151233611,M
BLANK CHEST Quicksilver Golf Polo,200151233628,L
BLANK CHEST Quicksilver Golf Polo,200151233635,XL
BLANK CHEST Quicksilver Golf Polo,200151233642,XXL
BLANK CHEST Quicksilver Golf Polo,200151233659,3XL
BLANK CHEST Quicksilver Golf Polo,200151233666,4XL
BLANK CHEST Quicksilver Women's Golf Polo,200151233253,XS
BLANK CHEST Quicksilver Women's Golf Polo,200151233260,S
BLANK CHEST Quicksilver Women's Golf Polo,200151233277,M
BLANK CHEST Quicksilver Women's Golf Polo,200151233284,L
BLANK CHEST Quicksilver Women's Golf Polo,200151233291,XL
BLANK CHEST Quicksilver Women's Golf Polo,200151233307,XXL
BLANK CHEST Quicksilver Women's Golf Polo,200151233314,3XL
BLANK CHEST Red White & Beaches Golf Polo,200111405256,S
BLANK CHEST Red White & Beaches Golf Polo,200111405263,M
BLANK CHEST Red White & Beaches Golf Polo,200111405270,L
BLANK CHEST Red White & Beaches Golf Polo,200111405287,XL
BLANK CHEST Red White & Beaches Golf Polo,200111405294,XXL
BLANK CHEST Red White & Beaches Golf Polo,200111405300,3XL
BLANK CHEST Red White & Beaches Golf Polo,200111405317,4XL
BLANK CHEST Red White & Beaches Women's Golf Polo,200151232904,XS
BLANK CHEST Red White & Beaches Women's Golf Polo,200151232911,S
BLANK CHEST Red White & Beaches Women's Golf Polo,200151232928,M
BLANK CHEST Red White & Beaches Women's Golf Polo,200151232935,L
BLANK CHEST Red White & Beaches Women's Golf Polo,200151232942,XL
BLANK CHEST Red White & Beaches Women's Golf Polo,200151232959,XXL
BLANK CHEST Red White & Beaches Women's Golf Polo,200151232966,3XL
BLANK CHEST Rosé Fairway Women's Golf Polo,200111401852,3XL
BLANK CHEST Rosé Fairway Women's Golf Polo,200151234045,XS
BLANK CHEST Rosé Fairway Women's Golf Polo,200151234069,S
BLANK CHEST Rosé Fairway Women's Golf Polo,200151234076,M
BLANK CHEST Rosé Fairway Women's Golf Polo,200151234083,L
BLANK CHEST Rosé Fairway Women's Golf Polo,200151234090,XL
BLANK CHEST Rosé Fairway Women's Golf Polo,200151234106,XXL
BLANK CHEST Sail Away Golf Polo,200151231297,S
BLANK CHEST Sail Away Golf Polo,200151231303,M
BLANK CHEST Sail Away Golf Polo,200151231310,L
BLANK CHEST Sail Away Golf Polo,200151231327,XL
BLANK CHEST Sail Away Golf Polo,200151231334,XXL
BLANK CHEST Sail Away Golf Polo,200151231341,3XL
BLANK CHEST Sail Away Golf Polo,200151231358,4XL
BLANK CHEST Sapphire Splash Women's Golf Polo,200151231990,XS
BLANK CHEST Sapphire Splash Women's Golf Polo,200151232003,S
BLANK CHEST Sapphire Splash Women's Golf Polo,200151232010,M
BLANK CHEST Sapphire Splash Women's Golf Polo,200151232027,L
BLANK CHEST Sapphire Splash Women's Golf Polo,200151232034,XL
BLANK CHEST Sapphire Splash Women's Golf Polo,200151232041,XXL
BLANK CHEST Sapphire Splash Women's Golf Polo,200151232058,3XL
BLANK CHEST Shodo Golf Polo,200151231433,S
BLANK CHEST Shodo Golf Polo,200151231440,M
BLANK CHEST Shodo Golf Polo,200151231457,L
BLANK CHEST Shodo Golf Polo,200151231464,XL
BLANK CHEST Shodo Golf Polo,200151231471,XXL
BLANK CHEST Shodo Golf Polo,200151231488,3XL
BLANK CHEST Shodo Golf Polo,200151231495,4XL
BLANK CHEST Spring Track Golf Polo,200151231501,S
BLANK CHEST Spring Track Golf Polo,200151231518,M
BLANK CHEST Spring Track Golf Polo,200151231525,L
BLANK CHEST Spring Track Golf Polo,200151231532,XL
BLANK CHEST Spring Track Golf Polo,200151231549,XXL
BLANK CHEST Spring Track Golf Polo,200151231556,3XL
BLANK CHEST Spring Track Golf Polo,200151231563,4XL
BLANK CHEST Stormy Greens Golf Polo,200030643261,3XL
BLANK CHEST Stormy Greens Golf Polo,200030643278,4XL
BLANK CHEST Stormy Greens Golf Polo,200030643315,XL
BLANK CHEST Stormy Greens Golf Polo,200030643322,XXL
BLANK CHEST Stormy Greens Golf Polo,200030643339,L
BLANK CHEST Stormy Greens Golf Polo,200030643346,M
BLANK CHEST Stormy Greens Golf Polo,200030643353,S
BLANK CHEST Stormy Greens Women's Golf Polo,200111400268,3XL
BLANK CHEST Stormy Greens Women's Golf Polo,200111400275,XXL
BLANK CHEST Stormy Greens Women's Golf Polo,200111401975,XS
BLANK CHEST Stormy Greens Women's Golf Polo,200111401982,S
BLANK CHEST Stormy Greens Women's Golf Polo,200111401999,M
BLANK CHEST Stormy Greens Women's Golf Polo,200111402002,L
BLANK CHEST Stormy Greens Women's Golf Polo,200111402019,XL
BLANK CHEST Teal Paradise Golf Polo,200151239057,S
BLANK CHEST Teal Paradise Golf Polo,200151239064,M
BLANK CHEST Teal Paradise Golf Polo,200151239071,L
BLANK CHEST Teal Paradise Golf Polo,200151239088,XL
BLANK CHEST Teal Paradise Golf Polo,200151239095,XXL
BLANK CHEST Teal Paradise Golf Polo,200151239101,3XL
BLANK CHEST Teal Paradise Golf Polo,200151239118,4XL
BLANK CHEST Teal Paradise Women's Golf Polo,200151239408,XS
BLANK CHEST Teal Paradise Women's Golf Polo,200151239415,S
BLANK CHEST Teal Paradise Women's Golf Polo,200151239422,M
BLANK CHEST Teal Paradise Women's Golf Polo,200151239439,L
BLANK CHEST Teal Paradise Women's Golf Polo,200151239446,XL
BLANK CHEST Teal Paradise Women's Golf Polo,200151239453,XXL
BLANK CHEST Teal Paradise Women's Golf Polo,200151239460,3XL
BLANK CHEST The Patriot Women's Golf Polo,200040321036,XS
BLANK CHEST The Patriot Women's Golf Polo,200040321043,S
BLANK CHEST The Patriot Women's Golf Polo,200040321050,M
BLANK CHEST The Patriot Women's Golf Polo,200040321067,L
BLANK CHEST The Patriot Women's Golf Polo,200040321074,XL
BLANK CHEST The Patriot Women's Golf Polo,200040321081,XXL
BLANK CHEST The Patriot Women's Golf Polo,200111401906,3XL
BLANK CHEST The Patriot Women's Golf Polo,200111409186,4XL
BLANK CHEST The Patriot Women's Sleeveless Golf Polo,200151234182,XS
BLANK CHEST The Patriot Women's Sleeveless Golf Polo,200151234199,S
BLANK CHEST The Patriot Women's Sleeveless Golf Polo,200151234205,M
BLANK CHEST The Patriot Women's Sleeveless Golf Polo,200151234212,L
BLANK CHEST The Patriot Women's Sleeveless Golf Polo,200151234229,XL
BLANK CHEST The Patriot Women's Sleeveless Golf Polo,200151234236,XXL
BLANK CHEST The Patriot Women's Sleeveless Golf Polo,200151234564,3XL
BLANK CHEST Tropical Blues Golf Polo,200111403474,3XL
BLANK CHEST Tropical Blues Golf Polo,200111403481,4XL
BLANK CHEST Tropical Blues Golf Polo,200111403573,S
BLANK CHEST Tropical Blues Golf Polo,200111403580,M
BLANK CHEST Tropical Blues Golf Polo,200111403597,L
BLANK CHEST Tropical Blues Golf Polo,200111403603,XL
BLANK CHEST Tropical Blues Golf Polo,200111403610,XXL
BLANK CHEST Tropical Mist Golf Polo,200151231228,S
BLANK CHEST Tropical Mist Golf Polo,200151231235,M
BLANK CHEST Tropical Mist Golf Polo,200151231242,L
BLANK CHEST Tropical Mist Golf Polo,200151231259,XL
BLANK CHEST Tropical Mist Golf Polo,200151231266,XXL
BLANK CHEST Tropical Mist Golf Polo,200151231273,3XL
BLANK CHEST Tropical Mist Golf Polo,200151231280,4XL
BLANK CHEST Tropical Mist Women's Golf Polo,200151239194,XS
BLANK CHEST Tropical Mist Women's Golf Polo,200151239200,S
BLANK CHEST Tropical Mist Women's Golf Polo,200151239217,M
BLANK CHEST Tropical Mist Women's Golf Polo,200151239224,L
BLANK CHEST Tropical Mist Women's Golf Polo,200151239231,XL
BLANK CHEST Tropical Mist Women's Golf Polo,200151239248,XXL
BLANK CHEST Tropical Mist Women's Golf Polo,200151239255,3XL
BLANK CHEST-  Baby Fade Women's Golf Polo,200111406376,XS
BLANK CHEST-  Baby Fade Women's Golf Polo,200111406383,S
BLANK CHEST-  Baby Fade Women's Golf Polo,200111406390,M
BLANK CHEST-  Baby Fade Women's Golf Polo,200111406406,L
BLANK CHEST-  Baby Fade Women's Golf Polo,200111406413,XL
BLANK CHEST-  Baby Fade Women's Golf Polo,200111406420,XXL
BLANK CHEST-  Baby Fade Women's Golf Polo,200111406437,3XL
Baby Fade Golf Polo,850030643995,S
Baby Fade Golf Polo,860004981817,M
Baby Fade Golf Polo,860004981824,L
Baby Fade Golf Polo,860004981831,XL
Baby Fade Golf Polo,860004981848,XXL
Baby Fade Golf Polo,860004981855,3XL
Baby Fade Golf Polo,860004981862,4XL
Baby Fade Swim Trunks,810151235851,S
Baby Fade Swim Trunks,810151235868,M
Baby Fade Swim Trunks,810151235875,L
Baby Fade Swim Trunks,810151235882,XL
Baby Fade Swim Trunks,810151235899,XXL
Baby Fade V2 Women's Golf Polo,810111406239,XS
Baby Fade V2 Women's Golf Polo,810111406246,S
Baby Fade V2 Women's Golf Polo,810111406253,M
Baby Fade V2 Women's Golf Polo,810111406260,L
Baby Fade V2 Women's Golf Polo,810111406277,XL
Baby Fade V2 Women's Golf Polo,810111406284,XXL
Baby Fade V2 Women's Golf Polo,810111406291,3XL
Baby Fade Women's Golf Polo,810111406376,XS
Baby Fade Women's Golf Polo,810111406383,S
Baby Fade Women's Golf Polo,810111406390,M
Baby Fade Women's Golf Polo,810111406406,L
Baby Fade Women's Golf Polo,810111406413,XL
Baby Fade Women's Golf Polo,810111406420,XXL
Baby Fade Women's Golf Polo,810111406437,3XL
Baby Fade Women's Sleeveless Golf Polo,810151234304,XS
Baby Fade Women's Sleeveless Golf Polo,810151234311,S
Baby Fade Women's Sleeveless Golf Polo,810151234328,M
Baby Fade Women's Sleeveless Golf Polo,810151234335,L
Baby Fade Women's Sleeveless Golf Polo,810151234342,XL
Baby Fade Women's Sleeveless Golf Polo,810151234359,XXL
Baby Fade Women's Sleeveless Golf Polo,810151234571,3XL
Baby Fade Youth Golf Polo,810151230818,YXS
Baby Fade Youth Golf Polo,810151230825,YS
Baby Fade Youth Golf Polo,810151230832,YM
Baby Fade Youth Golf Polo,810151230849,YL
Baby Fade Youth Golf Polo,810151230856,YXL
Beachy Sunset Hoodie - Men's,810151236681,S
Beachy Sunset Hoodie - Men's,810151236698,M
Beachy Sunset Hoodie - Men's,810151236704,L
Beachy Sunset Hoodie - Men's,810151236711,XL
Beachy Sunset Hoodie - Men's,810151236728,XXL
Beachy Sunset Hoodie - Men's,810151237640,XS
Beachy Sunset Hoodie - Men's,810151237657,3XL
Birdie Bliss Golf Polo,810151233390,S
Birdie Bliss Golf Polo,810151233406,M
Birdie Bliss Golf Polo,810151233413,L
Birdie Bliss Golf Polo,810151233420,XL
Birdie Bliss Golf Polo,810151233437,XXL
Birdie Bliss Golf Polo,810151233444,3XL
Birdie Bliss Golf Polo,810151233451,4XL
Birdie Dropper Golf Polo,850029132684,S
Birdie Dropper Golf Polo,850029132684,S
Birdie Dropper Golf Polo,850029132691,M
Birdie Dropper Golf Polo,850029132691,M
Birdie Dropper Golf Polo,850029132707,L
Birdie Dropper Golf Polo,850029132707,L
Birdie Dropper Golf Polo,850029132714,XL
Birdie Dropper Golf Polo,850029132714,XL
Birdie Dropper Golf Polo,850029132721,XXL
Birdie Dropper Golf Polo,850029132721,XXL
Birdie Dropper Golf Polo,850029132738,3XL
Birdie Dropper Golf Polo,850029132738,3XL
Birdie Dropper Golf Polo,850029132745,4XL
Birdie Dropper Golf Polo,850029132745,4XL
Birdie Dropper Golf Polo - MSRP $39.95,850029132684,S
Birdie Dropper Golf Polo - MSRP $39.95,850029132684,S
Birdie Dropper Golf Polo - MSRP $39.95,850029132691,M
Birdie Dropper Golf Polo - MSRP $39.95,850029132691,M
Birdie Dropper Golf Polo - MSRP $39.95,850029132707,L
Birdie Dropper Golf Polo - MSRP $39.95,850029132707,L
Birdie Dropper Golf Polo - MSRP $39.95,850029132714,XL
Birdie Dropper Golf Polo - MSRP $39.95,850029132714,XL
Birdie Dropper Golf Polo - MSRP $39.95,850029132721,XXL
Birdie Dropper Golf Polo - MSRP $39.95,850029132721,XXL
Birdie Dropper Golf Polo - MSRP $39.95,850029132738,3XL
Birdie Dropper Golf Polo - MSRP $39.95,850029132738,3XL
Birdie Dropper Golf Polo - MSRP $39.95,850029132745,4XL
Birdie Dropper Golf Polo - MSRP $39.95,850029132745,4XL
Birdie Dropper Swim Trunks,810151235905,S
Birdie Dropper Swim Trunks,810151235912,M
Birdie Dropper Swim Trunks,810151235929,L
Birdie Dropper Swim Trunks,810151235936,XL
Birdie Dropper Swim Trunks,810151235943,XXL
Birdie Dropper Women's Golf Polo,810111401890,3XL
Birdie Dropper Women's Golf Polo,850040321005,XL
Birdie Dropper Women's Golf Polo,850040321012,L
Birdie Dropper Women's Golf Polo,850040321029,XXL
Birdie Dropper Women's Golf Polo,860004981879,XS
Birdie Dropper Women's Golf Polo,860004981886,S
Birdie Dropper Women's Golf Polo,860004981893,M
Birdie Dropper Women's Sleeveless Golf Polo,810111405010,3XL
Birdie Dropper Women's Sleeveless Golf Polo,810111408189,XS
Birdie Dropper Women's Sleeveless Golf Polo,810111408196,S
Birdie Dropper Women's Sleeveless Golf Polo,810111408202,M
Birdie Dropper Women's Sleeveless Golf Polo,810111408219,L
Birdie Dropper Women's Sleeveless Golf Polo,810111408226,XL
Birdie Dropper Women's Sleeveless Golf Polo,810111408233,XXL
Birdie Dropper Youth Golf Polo,810151230719,YXS
Birdie Dropper Youth Golf Polo,810151230726,YS
Birdie Dropper Youth Golf Polo,810151230733,YM
Birdie Dropper Youth Golf Polo,810151230740,YL
Birdie Dropper Youth Golf Polo,810151230757,YXL
Birdies of Paradise Women's Golf Polo,810111406093,XS
Birdies of Paradise Women's Golf Polo,810111406109,S
Birdies of Paradise Women's Golf Polo,810111406116,M
Birdies of Paradise Women's Golf Polo,810111406123,L
Birdies of Paradise Women's Golf Polo,810111406130,XL
Birdies of Paradise Women's Golf Polo,810111406147,XXL
Birdies of Paradise Women's Golf Polo,810111406154,3XL
Black 8-Track Golf Hat,810111408738,Default Title
Black Baby Fade Golf Hat,810111408806,Default Title
Black Birdie Quarter Zip - Men's,810151236834,S
Black Birdie Quarter Zip - Men's,810151236841,M
Black Birdie Quarter Zip - Men's,810151236858,L
Black Birdie Quarter Zip - Men's,810151236865,XL
Black Birdie Quarter Zip - Men's,810151236872,XXL
Black Birdie Quarter Zip - Men's,810151237701,XS
Black Birdie Quarter Zip - Men's,810151237718,3XL
Black Enjoy Life Performance T-Shirt,810111400251,3XL
Black Enjoy Life Performance T-Shirt,810111408820,4XL
Black Enjoy Life Performance T-Shirt,810151233925,S
Black Enjoy Life Performance T-Shirt,810151233932,M
Black Enjoy Life Performance T-Shirt,810151233949,L
Black Enjoy Life Performance T-Shirt,810151233956,XL
Black Enjoy Life Performance T-Shirt,810151233963,XXL
Black Glitter Golf Polo,850030643193,S
Black Glitter Golf Polo,850030643209,M
Black Glitter Golf Polo,850030643216,L
Black Glitter Golf Polo,850030643223,XL
Black Glitter Golf Polo,850030643230,XXL
Black Glitter Golf Polo,850030643285,3XL
Black Glitter Golf Polo,850030643292,4XL
Black Glitter Women's Golf Polo,810111400282,3XL
Black Glitter Women's Golf Polo,850030643056,XS
Black Glitter Women's Golf Polo,850030643063,S
Black Glitter Women's Golf Polo,850030643070,M
Black Glitter Women's Golf Polo,850030643087,L
Black Glitter Women's Golf Polo,850030643094,XL
Black Glitter Women's Golf Polo,850030643308,XXL
Black Golf Pants - Men's Slim Fit,810111402323,30W
Black Golf Pants - Men's Slim Fit,810111402330,30W
Black Golf Pants - Men's Slim Fit,810111402347,30W
Black Golf Pants - Men's Slim Fit,810111402354,32W
Black Golf Pants - Men's Slim Fit,810111402361,32W
Black Golf Pants - Men's Slim Fit,810111402378,32W
Black Golf Pants - Men's Slim Fit,810111402385,34W
Black Golf Pants - Men's Slim Fit,810111402392,34W
Black Golf Pants - Men's Slim Fit,810111402408,34W
Black Golf Pants - Men's Slim Fit,810111402415,36W
Black Golf Pants - Men's Slim Fit,810111402422,36W
Black Golf Pants - Men's Slim Fit,810111402439,36W
Black Golf Pants - Men's Slim Fit,810111402446,38W
Black Golf Pants - Men's Slim Fit,810111402453,38W
Black Golf Pants - Men's Slim Fit,810111402460,38W
Black Golf Pants - Men's Slim Fit,810111402477,40W
Black Golf Pants - Men's Slim Fit,810111402484,40W
Black Golf Pants - Men's Slim Fit,810111402491,40W
Black Hoodie - Men's,810151236889,S
Black Hoodie - Men's,810151236896,M
Black Hoodie - Men's,810151236902,L
Black Hoodie - Men's,810151236919,XL
Black Hoodie - Men's,810151236926,XXL
Black Hoodie - Men's,810151237749,XS
Black Hoodie - Men's,810151237756,3XL
Black Just Beachy Golf Hat,810111408714,Default Title
Black Purplicious Golf Hat,810111408745,Default Title
Black Quarter Zip - Men's,810111403221,S
Black Quarter Zip - Men's,810111403238,M
Black Quarter Zip - Men's,810111403245,L
Black Quarter Zip - Men's,810111403252,XL
Black Quarter Zip - Men's,810111403269,XXL
Black Quarter Zip - Men's,810111403726,XS
Black Quarter Zip - Men's,810111407496,3XL
Blank Hat,810111408707,5 Panel Hat
Blank Hat,810111408721,6 Panel Hat
Blank Hat,810111408752,5 Panel Hat
Blank Hat,810111408776,6 Panel Hat
Blue Enjoy Life Performance T-Shirt,810151233901,S
Blue Enjoy Life Performance T-Shirt,810151233918,M
Blue Enjoy Life Performance T-Shirt,810151234618,L
Blue Enjoy Life Performance T-Shirt,810151234625,XL
Blue Enjoy Life Performance T-Shirt,810151234632,XXL
Blue Enjoy Life Performance T-Shirt,810151234649,3XL
Blue Enjoy Life Performance T-Shirt,810151234656,4XL
Bubbilicious Golf Polo,810111407144,S
Bubbilicious Golf Polo,810111407151,M
Bubbilicious Golf Polo,810111407168,L
Bubbilicious Golf Polo,810111407175,XL
Bubbilicious Golf Polo,810111407182,XXL
Bubbilicious Golf Polo,810111407199,3XL
Bubbilicious Golf Polo,810111407205,4XL
Cali Bear Women's Golf Polo. SPECIAL EDITION.,810151230641,XS
Cali Bear Women's Golf Polo. SPECIAL EDITION.,810151230658,S
Cali Bear Women's Golf Polo. SPECIAL EDITION.,810151230665,M
Cali Bear Women's Golf Polo. SPECIAL EDITION.,810151230672,L
Cali Bear Women's Golf Polo. SPECIAL EDITION.,810151230689,XL
Cali Bear Women's Golf Polo. SPECIAL EDITION.,810151230696,XXL
Cali Bear Women's Golf Polo. SPECIAL EDITION.,810151230702,3XL
Cali Vibes Golf Polo,810111403719,3XL
Cali Vibes Golf Polo,810111409742,4XL
Cali Vibes Golf Polo,850040321593,S
Cali Vibes Golf Polo,850040321609,M
Cali Vibes Golf Polo,850040321616,L
Cali Vibes Golf Polo,850040321623,XL
Cali Vibes Golf Polo,850040321630,XXL
Caribbean Fade Quarter Zip - Men's,810151236780,S
Caribbean Fade Quarter Zip - Men's,810151236797,M
Caribbean Fade Quarter Zip - Men's,810151236803,L
Caribbean Fade Quarter Zip - Men's,810151236810,XL
Caribbean Fade Quarter Zip - Men's,810151236827,XXL
Caribbean Fade Quarter Zip - Men's,810151237688,XS
Caribbean Fade Quarter Zip - Men's,810151237695,3XL
Carolina Champion Golf Polo. LIMITED EDITION.,810111400299,4XL
Carolina Champion Golf Polo. LIMITED EDITION.,810111400305,S
Carolina Champion Golf Polo. LIMITED EDITION.,810111400312,M
Carolina Champion Golf Polo. LIMITED EDITION.,810111400329,L
Carolina Champion Golf Polo. LIMITED EDITION.,810111400336,XL
Carolina Champion Golf Polo. LIMITED EDITION.,810111400343,XXL
Carolina Champion Golf Polo. LIMITED EDITION.,810111400848,3XL
Carolina Champion Women's Golf Polo. LIMITED EDITION.,810111401838,3XL
Carolina Champion Women's Golf Polo. LIMITED EDITION.,850040321456,XS
Carolina Champion Women's Golf Polo. LIMITED EDITION.,850040321463,S
Carolina Champion Women's Golf Polo. LIMITED EDITION.,850040321470,M
Carolina Champion Women's Golf Polo. LIMITED EDITION.,850040321487,L
Carolina Champion Women's Golf Polo. LIMITED EDITION.,850040321494,XL
Carolina Champion Women's Golf Polo. LIMITED EDITION.,850040321500,XXL
Carolina Pines Polo. LIMITED EDITION.,810151235615,S
Carolina Pines Polo. LIMITED EDITION.,810151235622,M
Carolina Pines Polo. LIMITED EDITION.,810151235639,L
Carolina Pines Polo. LIMITED EDITION.,810151235646,XL
Carolina Pines Polo. LIMITED EDITION.,810151235653,XXL
Carolina Pines Polo. LIMITED EDITION.,810151235660,3XL
Carolina Pines Polo. LIMITED EDITION.,810151235677,4XL
Carolina Pines Polo. Women's. LIMITED EDITION.,810151235684,XS
Carolina Pines Polo. Women's. LIMITED EDITION.,810151235691,S
Carolina Pines Polo. Women's. LIMITED EDITION.,810151235707,M
Carolina Pines Polo. Women's. LIMITED EDITION.,810151235714,L
Carolina Pines Polo. Women's. LIMITED EDITION.,810151235721,XL
Carolina Pines Polo. Women's. LIMITED EDITION.,810151235738,XXL
Carolina Pines Polo. Women's. LIMITED EDITION.,810151235745,3XL
Cheeseheads Golf Polo LIMITED EDITION,810151237084,S
Cheeseheads Golf Polo LIMITED EDITION,810151237091,M
Cheeseheads Golf Polo LIMITED EDITION,810151237107,L
Cheeseheads Golf Polo LIMITED EDITION,810151237114,XL
Cheeseheads Golf Polo LIMITED EDITION,810151237121,XXL
Cheeseheads Golf Polo LIMITED EDITION,810151237138,3XL
Cheeseheads Golf Polo LIMITED EDITION,810151237145,4XL
Chip Shot Golf Polo,810151231570,S
Chip Shot Golf Polo,810151231587,M
Chip Shot Golf Polo,810151231594,L
Chip Shot Golf Polo,810151231600,XL
Chip Shot Golf Polo,810151231617,XXL
Chip Shot Golf Polo,810151231624,3XL
Chip Shot Golf Polo,810151231631,4XL
Chromafade Golf Polo. LIMITED EDITION.,810151237299,S
Chromafade Golf Polo. LIMITED EDITION.,810151237305,M
Chromafade Golf Polo. LIMITED EDITION.,810151237312,L
Chromafade Golf Polo. LIMITED EDITION.,810151237329,XL
Chromafade Golf Polo. LIMITED EDITION.,810151237336,XXL
Chromafade Golf Polo. LIMITED EDITION.,810151237343,3XL
Chromafade Golf Polo. LIMITED EDITION.,810151237350,4XL
Chromafade Golf Polo. Women's. LIMITED EDITION.,810151237503,XS
Chromafade Golf Polo. Women's. LIMITED EDITION.,810151237510,S
Chromafade Golf Polo. Women's. LIMITED EDITION.,810151237527,M
Chromafade Golf Polo. Women's. LIMITED EDITION.,810151237534,L
Chromafade Golf Polo. Women's. LIMITED EDITION.,810151237541,XL
Chromafade Golf Polo. Women's. LIMITED EDITION.,810151237558,XXL
Chromafade Golf Polo. Women's. LIMITED EDITION.,810151237565,3XL
Classic White Golf Glove,810111400909,S
Classic White Golf Glove,810111400916,M
Classic White Golf Glove,810111400923,ML
Classic White Golf Glove,810111400930,XL
Classic White Golf Glove,810111400947,XXL
Classic White Golf Glove,810111401203,L
Classy Mingo Golf Polo,810111407076,S
Classy Mingo Golf Polo,810111407083,M
Classy Mingo Golf Polo,810111407090,L
Classy Mingo Golf Polo,810111407106,XL
Classy Mingo Golf Polo,810111407113,XXL
Classy Mingo Golf Polo,810111407120,3XL
Classy Mingo Golf Polo,810111407137,4XL
Clever Coyote Golf Polo,810111409421,S
Clever Coyote Golf Polo,810111409438,M
Clever Coyote Golf Polo,810111409445,L
Clever Coyote Golf Polo,810111409452,XL
Clever Coyote Golf Polo,810111409469,XXL
Clever Coyote Golf Polo,810111409476,3XL
Clever Coyote Golf Polo,810111409483,4XL
Cookies & Cream Golf Polo,810151238562,S
Cookies & Cream Golf Polo,810151238579,M
Cookies & Cream Golf Polo,810151238586,L
Cookies & Cream Golf Polo,810151238593,XL
Cookies & Cream Golf Polo,810151238609,XXL
Cookies & Cream Golf Polo,810151238616,3XL
Cookies & Cream Golf Polo,810151238623,4XL
Cookies & Cream Women's Golf Polo,810151239682,XS
Cookies & Cream Women's Golf Polo,810151239699,S
Cookies & Cream Women's Golf Polo,810151239705,M
Cookies & Cream Women's Golf Polo,810151239712,L
Cookies & Cream Women's Golf Polo,810151239729,XL
Cookies & Cream Women's Golf Polo,810151239736,XXL
Cookies & Cream Women's Golf Polo,810151239743,3XL
Cowboy Up Golf Polo LIMITED EDITION,810151238142,S
Cowboy Up Golf Polo LIMITED EDITION,810151238159,M
Cowboy Up Golf Polo LIMITED EDITION,810151238166,L
Cowboy Up Golf Polo LIMITED EDITION,810151238173,XL
Cowboy Up Golf Polo LIMITED EDITION,810151238180,XXL
Cowboy Up Golf Polo LIMITED EDITION,810151238197,3XL
Cowboy Up Golf Polo LIMITED EDITION,810151238203,4XL
Dahlia Drive Golf Polo,810151238708,S
Dahlia Drive Golf Polo,810151238715,M
Dahlia Drive Golf Polo,810151238722,L
Dahlia Drive Golf Polo,810151238739,XL
Dahlia Drive Golf Polo,810151238746,XXL
Dahlia Drive Golf Polo,810151238753,3XL
Dahlia Drive Golf Polo,810151238760,4XL
Dark Grey Golf Pants - Men's Slim Fit,810111403047,30W
Dark Grey Golf Pants - Men's Slim Fit,810111403054,30W
Dark Grey Golf Pants - Men's Slim Fit,810111403061,30W
Dark Grey Golf Pants - Men's Slim Fit,810111403078,32W
Dark Grey Golf Pants - Men's Slim Fit,810111403085,32W
Dark Grey Golf Pants - Men's Slim Fit,810111403092,32W
Dark Grey Golf Pants - Men's Slim Fit,810111403108,34W
Dark Grey Golf Pants - Men's Slim Fit,810111403115,34W
Dark Grey Golf Pants - Men's Slim Fit,810111403122,34W
Dark Grey Golf Pants - Men's Slim Fit,810111403139,36W
Dark Grey Golf Pants - Men's Slim Fit,810111403146,36W
Dark Grey Golf Pants - Men's Slim Fit,810111403153,36W
Dark Grey Golf Pants - Men's Slim Fit,810111403160,38W
Dark Grey Golf Pants - Men's Slim Fit,810111403177,38W
Dark Grey Golf Pants - Men's Slim Fit,810111403184,38W
Dark Grey Golf Pants - Men's Slim Fit,810111403191,40W
Dark Grey Golf Pants - Men's Slim Fit,810111403207,40W
Dark Grey Golf Pants - Men's Slim Fit,810111403214,40W
Deep Sea Golf Polo,810111405812,S
Deep Sea Golf Polo,810111405829,M
Deep Sea Golf Polo,810111405836,L
Deep Sea Golf Polo,810111405843,XL
Deep Sea Golf Polo,810111405850,XXL
Deep Sea Golf Polo,810111405867,3XL
Deep Sea Golf Polo,810111405874,4XL
Deep Sea Women's Golf Polo,810111406512,XS
Deep Sea Women's Golf Polo,810111406512,XS
Deep Sea Women's Golf Polo,810111406529,S
Deep Sea Women's Golf Polo,810111406529,S
Deep Sea Women's Golf Polo,810111406536,M
Deep Sea Women's Golf Polo,810111406536,M
Deep Sea Women's Golf Polo,810111406543,L
Deep Sea Women's Golf Polo,810111406543,L
Deep Sea Women's Golf Polo,810111406550,XL
Deep Sea Women's Golf Polo,810111406550,XL
Deep Sea Women's Golf Polo,810111406567,XXL
Deep Sea Women's Golf Polo,810111406567,XXL
Deep Sea Women's Golf Polo,810111406574,3XL
Deep Sea Women's Golf Polo,810111406574,3XL
Deep Sea Women's Sleeveless Golf Polo,810151234427,XS
Deep Sea Women's Sleeveless Golf Polo,810151234434,S
Deep Sea Women's Sleeveless Golf Polo,810151234441,M
Deep Sea Women's Sleeveless Golf Polo,810151234458,L
Deep Sea Women's Sleeveless Golf Polo,810151234465,XL
Deep Sea Women's Sleeveless Golf Polo,810151234472,XXL
Deep Sea Women's Sleeveless Golf Polo,810151234588,3XL
Desert Heat Golf Polo,850029132899,S
Desert Heat Golf Polo,850029132899,S
Desert Heat Golf Polo,850029132905,M
Desert Heat Golf Polo,850029132905,M
Desert Heat Golf Polo,850029132912,L
Desert Heat Golf Polo,850029132912,L
Desert Heat Golf Polo,850029132929,XL
Desert Heat Golf Polo,850029132929,XL
Desert Heat Golf Polo,850029132936,XXL
Desert Heat Golf Polo,850029132936,XXL
Desert Heat Golf Polo,850029132943,3XL
Desert Heat Golf Polo,850029132943,3XL
Desert Heat Golf Polo,850029132950,4XL
Desert Heat Golf Polo,850029132950,4XL
Desert Heat Golf Polo - MSRP $39.95,850029132899,S
Desert Heat Golf Polo - MSRP $39.95,850029132899,S
Desert Heat Golf Polo - MSRP $39.95,850029132905,M
Desert Heat Golf Polo - MSRP $39.95,850029132905,M
Desert Heat Golf Polo - MSRP $39.95,850029132912,L
Desert Heat Golf Polo - MSRP $39.95,850029132912,L
Desert Heat Golf Polo - MSRP $39.95,850029132929,XL
Desert Heat Golf Polo - MSRP $39.95,850029132929,XL
Desert Heat Golf Polo - MSRP $39.95,850029132936,XXL
Desert Heat Golf Polo - MSRP $39.95,850029132936,XXL
Desert Heat Golf Polo - MSRP $39.95,850029132943,3XL
Desert Heat Golf Polo - MSRP $39.95,850029132943,3XL
Desert Heat Golf Polo - MSRP $39.95,850029132950,4XL
Desert Heat Golf Polo - MSRP $39.95,850029132950,4XL
Fairway Flora Women's Golf Polo,810111406864,XS
Fairway Flora Women's Golf Polo,810111406871,S
Fairway Flora Women's Golf Polo,810111406888,M
Fairway Flora Women's Golf Polo,810111406895,L
Fairway Flora Women's Golf Polo,810111406901,XL
Fairway Flora Women's Golf Polo,810111406918,XXL
Fairway Flora Women's Golf Polo,810111406925,3XL
Fire Red Golf Glove,810111400954,S
Fire Red Golf Glove,810111400961,M
Fire Red Golf Glove,810111400978,ML
Fire Red Golf Glove,810111400985,XL
Fire Red Golf Glove,810111400992,XXL
Fire Red Golf Glove,810111401210,L
Flamingo Par-Tee Golf Polo,810151232485,S
Flamingo Par-Tee Golf Polo,810151232492,M
Flamingo Par-Tee Golf Polo,810151232508,L
Flamingo Par-Tee Golf Polo,810151232515,XL
Flamingo Par-Tee Golf Polo,810151232522,XXL
Flamingo Par-Tee Golf Polo,810151232539,3XL
Flamingo Par-Tee Golf Polo,810151232546,4XL
Freedom Track Golf Polo,810151232621,S
Freedom Track Golf Polo,810151232638,M
Freedom Track Golf Polo,810151232645,L
Freedom Track Golf Polo,810151232652,XL
Freedom Track Golf Polo,810151232669,XXL
Freedom Track Golf Polo,810151232676,3XL
Freedom Track Golf Polo,810151232683,4XL
Freedom Track Women's Golf Polo,810151233116,XS
Freedom Track Women's Golf Polo,810151233123,S
Freedom Track Women's Golf Polo,810151233130,M
Freedom Track Women's Golf Polo,810151233147,L
Freedom Track Women's Golf Polo,810151233154,XL
Freedom Track Women's Golf Polo,810151233161,XXL
Freedom Track Women's Golf Polo,810151233178,3XL
Fresh Flavors Golf Polo,850030643711,S
Fresh Flavors Golf Polo,850030643728,M
Fresh Flavors Golf Polo,850030643735,L
Fresh Flavors Golf Polo,850030643742,XL
Fresh Flavors Golf Polo,850030643759,XXL
Fresh Flavors Golf Polo,850030643766,3XL
Fresh Flavors Golf Polo,850030643773,4XL
Fringe Life Golf Polo,810111405744,S
Fringe Life Golf Polo,810111405751,M
Fringe Life Golf Polo,810111405768,L
Fringe Life Golf Polo,810111405775,XL
Fringe Life Golf Polo,810111405782,XXL
Fringe Life Golf Polo,810111405799,3XL
Fringe Life Golf Polo,810111405805,4XL
Frosty Golf Polo,810111405393,S
Frosty Golf Polo,810111405409,M
Frosty Golf Polo,810111405416,L
Frosty Golf Polo,810111405423,XL
Frosty Golf Polo,810111405430,XXL
Frosty Golf Polo,810111405447,3XL
Frosty Golf Polo,810111405454,4XL
Frosty Greens Golf Polo,810111403696,3XL
Frosty Greens Golf Polo,810111403702,4XL
Frosty Greens Golf Polo,810111409698,S
Frosty Greens Golf Polo,810111409704,M
Frosty Greens Golf Polo,810111409711,L
Frosty Greens Golf Polo,810111409728,XL
Frosty Greens Golf Polo,810111409735,XXL
Frosty Women's Golf Polo,810151232065,XS
Frosty Women's Golf Polo,810151232072,S
Frosty Women's Golf Polo,810151232089,M
Frosty Women's Golf Polo,810151232096,L
Frosty Women's Golf Polo,810151232102,XL
Frosty Women's Golf Polo,810151232119,XXL
Frosty Women's Golf Polo,810151232126,3XL
Gimme Confetti Women's Golf Polo,810111406932,XS
Gimme Confetti Women's Golf Polo,810111406949,S
Gimme Confetti Women's Golf Polo,810111406956,M
Gimme Confetti Women's Golf Polo,810111406963,L
Gimme Confetti Women's Golf Polo,810111406970,XL
Gimme Confetti Women's Golf Polo,810111406987,XXL
Gimme Confetti Women's Golf Polo,810111406994,3XL
Glitter Women's Golf Polo,810111400404,XS
Glitter Women's Golf Polo,810111400411,S
Glitter Women's Golf Polo,810111400428,M
Glitter Women's Golf Polo,810111400435,L
Glitter Women's Golf Polo,810111400442,XL
Glitter Women's Golf Polo,810111400459,XXL
Glitter Women's Golf Polo,810111400466,3XL
Golden Greens Women's Golf Polo,810151233321,XS
Golden Greens Women's Golf Polo,810151233338,S
Golden Greens Women's Golf Polo,810151233345,M
Golden Greens Women's Golf Polo,810151233352,L
Golden Greens Women's Golf Polo,810151233369,XL
Golden Greens Women's Golf Polo,810151233376,XXL
Golden Greens Women's Golf Polo,810151233383,3XL
Golf Op Camo Golf Polo,850030643926,S
Golf Op Camo Golf Polo,850030643933,M
Golf Op Camo Golf Polo,850030643940,L
Golf Op Camo Golf Polo,850030643957,XL
Golf Op Camo Golf Polo,850030643964,XXL
Golf Op Camo Golf Polo,850030643971,3XL
Golf Op Camo Golf Polo,850030643988,4XL
Graphite Glitch Golf Polo,810111407212,S
Graphite Glitch Golf Polo,810111407229,M
Graphite Glitch Golf Polo,810111407236,L
Graphite Glitch Golf Polo,810111407243,XL
Graphite Glitch Golf Polo,810111407250,XXL
Graphite Glitch Golf Polo,810111407267,3XL
Graphite Glitch Golf Polo,810111407274,4XL
Grey Hoodie - Men's,810151237039,S
Grey Hoodie - Men's,810151237046,M
Grey Hoodie - Men's,810151237053,L
Grey Hoodie - Men's,810151237060,XL
Grey Hoodie - Men's,810151237077,XXL
Grey Hoodie - Men's,810151237787,XS
Grey Hoodie - Men's,810151237794,3XL
HEXtreme Golf Polo,810151238913,S
HEXtreme Golf Polo,810151238920,M
HEXtreme Golf Polo,810151238937,L
HEXtreme Golf Polo,810151238944,XL
HEXtreme Golf Polo,810151238951,XXL
HEXtreme Golf Polo,810151238968,3XL
HEXtreme Golf Polo,810151238975,4XL
Hala Kahiki Golf Polo,810151233536,S
Hala Kahiki Golf Polo,810151233543,M
Hala Kahiki Golf Polo,810151233550,L
Hala Kahiki Golf Polo,810151233567,XL
Hala Kahiki Golf Polo,810151233574,XXL
Hala Kahiki Golf Polo,810151233581,3XL
Hala Kahiki Golf Polo,810151233598,4XL
Hawaiian Ice Women's Golf Polo,810151233185,XS
Hawaiian Ice Women's Golf Polo,810151233192,S
Hawaiian Ice Women's Golf Polo,810151233208,M
Hawaiian Ice Women's Golf Polo,810151233215,L
Hawaiian Ice Women's Golf Polo,810151233222,XL
Hawaiian Ice Women's Golf Polo,810151233239,XXL
Hawaiian Ice Women's Golf Polo,810151233246,3XL
Ho'onanea Vibe Golf Polo,810151233468,S
Ho'onanea Vibe Golf Polo,810151233475,M
Ho'onanea Vibe Golf Polo,810151233482,L
Ho'onanea Vibe Golf Polo,810151233499,XL
Ho'onanea Vibe Golf Polo,810151233505,XXL
Ho'onanea Vibe Golf Polo,810151233512,3XL
Ho'onanea Vibe Golf Polo,810151233529,4XL
Ice Blue Golf Glove,810111401005,S
Ice Blue Golf Glove,810111401012,M
Ice Blue Golf Glove,810111401029,ML
Ice Blue Golf Glove,810111401036,XL
Ice Blue Golf Glove,810111401043,XXL
Ice Blue Golf Glove,810111401227,L
Island Livin Golf Polo,810111409803,S
Island Livin Golf Polo,810111409810,M
Island Livin Golf Polo,810111409827,L
Island Livin Golf Polo,810111409834,XL
Island Livin Golf Polo,850030643506,XXL
Island Livin Golf Polo,850030643513,3XL
Island Livin Golf Polo,850030643520,4XL
Island Livin Women's Golf Polo,810111400619,XS
Island Livin Women's Golf Polo,810111400626,S
Island Livin Women's Golf Polo,810111400633,M
Island Livin Women's Golf Polo,810111400640,L
Island Livin Women's Golf Polo,810111400657,XL
Island Livin Women's Golf Polo,810111400664,XXL
Island Livin Women's Golf Polo,810111400671,3XL
Italian Brown Golf Glove,810111401159,S
Italian Brown Golf Glove,810111401166,M
Italian Brown Golf Glove,810111401173,ML
Italian Brown Golf Glove,810111401180,XL
Italian Brown Golf Glove,810111401197,XXL
Italian Brown Golf Glove,810111401258,L
Jungle Hibiscus Golf Polo,810111401685,S
Jungle Hibiscus Golf Polo,810111401685,S
Jungle Hibiscus Golf Polo,810111401688,M
Jungle Hibiscus Golf Polo,810111401691,L
Jungle Hibiscus Golf Polo,810111401694,XL
Jungle Hibiscus Golf Polo,810111401697,XXL
Jungle Hibiscus Golf Polo,810111401700,3XL
Jungle Hibiscus Golf Polo,810111401703,4XL
Jungle Hibiscus Golf Polo (Copy),810111401623,4XL
Jungle Hibiscus Golf Polo (Copy),810111401630,3XL
Jungle Hibiscus Golf Polo (Copy),810111401647,XXL
Jungle Hibiscus Golf Polo (Copy),810111401654,XL
Jungle Hibiscus Golf Polo (Copy),810111401661,L
Jungle Hibiscus Golf Polo (Copy),810111401678,M
Jungle Hibiscus Golf Polo (Copy),810111401685,S
Jungle Hibiscus Golf Polo (Copy),810111401685,S
Jungle Hibiscus Women's Golf Polo,810111406161,XS
Jungle Hibiscus Women's Golf Polo,810111406178,S
Jungle Hibiscus Women's Golf Polo,810111406185,M
Jungle Hibiscus Women's Golf Polo,810111406192,L
Jungle Hibiscus Women's Golf Polo,810111406208,XL
Jungle Hibiscus Women's Golf Polo,810111406215,XXL
Jungle Hibiscus Women's Golf Polo,810111406222,3XL
Jungle Hibiscus Women's Sleeveless Golf Polo,810151234366,XS
Jungle Hibiscus Women's Sleeveless Golf Polo,810151234373,S
Jungle Hibiscus Women's Sleeveless Golf Polo,810151234380,M
Jungle Hibiscus Women's Sleeveless Golf Polo,810151234397,L
Jungle Hibiscus Women's Sleeveless Golf Polo,810151234403,XL
Jungle Hibiscus Women's Sleeveless Golf Polo,810151234410,XXL
Jungle Hibiscus Women's Sleeveless Golf Polo,810151234557,3XL
Jungle Hibiscus Youth Golf Polo,810151230917,YXS
Jungle Hibiscus Youth Golf Polo,810151230924,YS
Jungle Hibiscus Youth Golf Polo,810151230931,YM
Jungle Hibiscus Youth Golf Polo,810151230948,YL
Jungle Hibiscus Youth Golf Polo,810151230955,YXL
Just Beachy Golf Polo,850030643643,S
Just Beachy Golf Polo,850030643650,M
Just Beachy Golf Polo,850030643667,L
Just Beachy Golf Polo,850030643674,XL
Just Beachy Golf Polo,850030643681,XXL
Just Beachy Golf Polo,850030643698,3XL
Just Beachy Golf Polo,850030643704,4XL
Just Beachy Swim Trunks,810151235752,S
Just Beachy Swim Trunks,810151235769,M
Just Beachy Swim Trunks,810151235776,L
Just Beachy Swim Trunks,810151235783,XL
Just Beachy Swim Trunks,810151235790,XXL
Just Beachy Women's Golf Polo,810111401876,3XL
Just Beachy Women's Golf Polo,850040321333,XS
Just Beachy Women's Golf Polo,850040321340,S
Just Beachy Women's Golf Polo,850040321357,M
Just Beachy Women's Golf Polo,850040321364,L
Just Beachy Women's Golf Polo,850040321371,XL
Just Beachy Women's Golf Polo,850040321388,XXL
Just Beachy Women's Sleeveless Golf Polo,810111402064,3XL
Just Beachy Women's Sleeveless Golf Polo,810111408066,XS
Just Beachy Women's Sleeveless Golf Polo,810111408073,S
Just Beachy Women's Sleeveless Golf Polo,810111408080,M
Just Beachy Women's Sleeveless Golf Polo,810111408097,L
Just Beachy Women's Sleeveless Golf Polo,810111408103,XL
Just Beachy Women's Sleeveless Golf Polo,810111408110,XXL
Just Beachy Youth Golf Polo,810151230764,YXS
Just Beachy Youth Golf Polo,810151230771,YS
Just Beachy Youth Golf Polo,810151230788,YM
Just Beachy Youth Golf Polo,810151230795,YL
Just Beachy Youth Golf Polo,810151230801,YXL
Kahakai Polū Golf Polo,850029132295,S
Kahakai Polū Golf Polo,850029132295,S
Kahakai Polū Golf Polo,850029132301,M
Kahakai Polū Golf Polo,850029132301,M
Kahakai Polū Golf Polo,850029132318,L
Kahakai Polū Golf Polo,850029132318,L
Kahakai Polū Golf Polo,850029132325,XL
Kahakai Polū Golf Polo,850029132325,XL
Kahakai Polū Golf Polo,850029132332,XXL
Kahakai Polū Golf Polo,850029132332,XXL
Kahakai Polū Golf Polo,850029132349,3XL
Kahakai Polū Golf Polo,850029132349,3XL
Kahakai Polū Golf Polo,850029132356,4XL
Kahakai Polū Golf Polo,850029132356,4XL
Kahakai Polū Golf Polo - MSRP $39.95,850029132295,S
Kahakai Polū Golf Polo - MSRP $39.95,850029132295,S
Kahakai Polū Golf Polo - MSRP $39.95,850029132301,M
Kahakai Polū Golf Polo - MSRP $39.95,850029132301,M
Kahakai Polū Golf Polo - MSRP $39.95,850029132318,L
Kahakai Polū Golf Polo - MSRP $39.95,850029132318,L
Kahakai Polū Golf Polo - MSRP $39.95,850029132325,XL
Kahakai Polū Golf Polo - MSRP $39.95,850029132325,XL
Kahakai Polū Golf Polo - MSRP $39.95,850029132332,XXL
Kahakai Polū Golf Polo - MSRP $39.95,850029132332,XXL
Kahakai Polū Golf Polo - MSRP $39.95,850029132349,3XL
Kahakai Polū Golf Polo - MSRP $39.95,850029132349,3XL
Kahakai Polū Golf Polo - MSRP $39.95,850029132356,4XL
Kahakai Polū Golf Polo - MSRP $39.95,850029132356,4XL
Kansas Red Golf Polo LIMITED EDITION,810151236407,S
Kansas Red Golf Polo LIMITED EDITION,810151236414,M
Kansas Red Golf Polo LIMITED EDITION,810151236421,L
Kansas Red Golf Polo LIMITED EDITION,810151236438,XL
Kansas Red Golf Polo LIMITED EDITION,810151236445,XXL
Kansas Red Golf Polo LIMITED EDITION,810151236452,3XL
Kansas Red Golf Polo LIMITED EDITION,810151236469,4XL
Kapow Golf Polo,810151238630,S
Kapow Golf Polo,810151238647,M
Kapow Golf Polo,810151238654,L
Kapow Golf Polo,810151238661,XL
Kapow Golf Polo,810151238678,XXL
Kapow Golf Polo,810151238685,3XL
Kapow Golf Polo,810151238692,4XL
Kapow Women's Golf Polo,810151239613,XS
Kapow Women's Golf Polo,810151239620,S
Kapow Women's Golf Polo,810151239637,M
Kapow Women's Golf Polo,810151239644,L
Kapow Women's Golf Polo,810151239651,XL
Kapow Women's Golf Polo,810151239668,XXL
Kapow Women's Golf Polo,810151239675,3XL
Khaki Golf Pants - Men's Slim Fit,810111402507,30W
Khaki Golf Pants - Men's Slim Fit,810111402514,30W
Khaki Golf Pants - Men's Slim Fit,810111402521,30W
Khaki Golf Pants - Men's Slim Fit,810111402538,32W
Khaki Golf Pants - Men's Slim Fit,810111402545,32W
Khaki Golf Pants - Men's Slim Fit,810111402552,32W
Khaki Golf Pants - Men's Slim Fit,810111402569,34W
Khaki Golf Pants - Men's Slim Fit,810111402576,34W
Khaki Golf Pants - Men's Slim Fit,810111402583,34W
Khaki Golf Pants - Men's Slim Fit,810111402590,36W
Khaki Golf Pants - Men's Slim Fit,810111402606,36W
Khaki Golf Pants - Men's Slim Fit,810111402613,36W
Khaki Golf Pants - Men's Slim Fit,810111402620,38W
Khaki Golf Pants - Men's Slim Fit,810111402637,38W
Khaki Golf Pants - Men's Slim Fit,810111402644,38W
Khaki Golf Pants - Men's Slim Fit,810111402651,40W
Khaki Golf Pants - Men's Slim Fit,810111402668,40W
Khaki Golf Pants - Men's Slim Fit,810111402675,40W
Lady Lavender Women's Golf Polo,810111405881,XS
Lady Lavender Women's Golf Polo,810111405898,S
Lady Lavender Women's Golf Polo,810111405904,M
Lady Lavender Women's Golf Polo,810111405911,L
Lady Lavender Women's Golf Polo,810111405928,XL
Lady Lavender Women's Golf Polo,810111405935,XXL
Lady Lavender Women's Golf Polo,810111405942,3XL
Light Grey Golf Pants - Men's Slim Fit,810111402682,30W
Light Grey Golf Pants - Men's Slim Fit,810111402699,30W
Light Grey Golf Pants - Men's Slim Fit,810111402705,30W
Light Grey Golf Pants - Men's Slim Fit,810111402712,32W
Light Grey Golf Pants - Men's Slim Fit,810111402729,32W
Light Grey Golf Pants - Men's Slim Fit,810111402736,32W
Light Grey Golf Pants - Men's Slim Fit,810111402743,34W
Light Grey Golf Pants - Men's Slim Fit,810111402750,34W
Light Grey Golf Pants - Men's Slim Fit,810111402767,34W
Light Grey Golf Pants - Men's Slim Fit,810111402774,36W
Light Grey Golf Pants - Men's Slim Fit,810111402781,36W
Light Grey Golf Pants - Men's Slim Fit,810111402798,36W
Light Grey Golf Pants - Men's Slim Fit,810111402804,38W
Light Grey Golf Pants - Men's Slim Fit,810111402811,38W
Light Grey Golf Pants - Men's Slim Fit,810111402828,38W
Light Grey Golf Pants - Men's Slim Fit,810111402835,40W
Light Grey Golf Pants - Men's Slim Fit,810111402842,40W
Light Grey Golf Pants - Men's Slim Fit,810111402859,40W
Light Grey Quarter Zip - Men's,810111403276,S
Light Grey Quarter Zip - Men's,810111403283,M
Light Grey Quarter Zip - Men's,810111403290,L
Light Grey Quarter Zip - Men's,810111403306,XL
Light Grey Quarter Zip - Men's,810111403313,XXL
Light Grey Quarter Zip - Men's,810111403771,XS
Light Grey Quarter Zip - Men's,810151230221,3XL
Light Wave Golf Polo,850030643858,S
Light Wave Golf Polo,850030643865,M
Light Wave Golf Polo,850030643872,L
Light Wave Golf Polo,850030643889,XL
Light Wave Golf Polo,850030643896,XXL
Light Wave Golf Polo,850030643902,3XL
Light Wave Golf Polo,850030643919,4XL
Lucky Green Golf Glove,810111401104,S
Lucky Green Golf Glove,810111401111,M
Lucky Green Golf Glove,810111401128,ML
Lucky Green Golf Glove,810111401135,XL
Lucky Green Golf Glove,810111401142,XXL
Lucky Green Golf Glove,810111401241,L
Makani 'Olu 'Olu Golf Polo,850029132615,S
Makani 'Olu 'Olu Golf Polo,850029132615,S
Makani 'Olu 'Olu Golf Polo,850029132622,M
Makani 'Olu 'Olu Golf Polo,850029132622,M
Makani 'Olu 'Olu Golf Polo,850029132639,L
Makani 'Olu 'Olu Golf Polo,850029132639,L
Makani 'Olu 'Olu Golf Polo,850029132646,XL
Makani 'Olu 'Olu Golf Polo,850029132646,XL
Makani 'Olu 'Olu Golf Polo,850029132653,XXL
Makani 'Olu 'Olu Golf Polo,850029132653,XXL
Makani 'Olu 'Olu Golf Polo,850029132660,3XL
Makani 'Olu 'Olu Golf Polo,850029132660,3XL
Makani 'Olu 'Olu Golf Polo,850029132677,4XL
Makani 'Olu 'Olu Golf Polo,850029132677,4XL
Makani 'Olu 'Olu Golf Polo - MSRP $39.95,850029132615,S
Makani 'Olu 'Olu Golf Polo - MSRP $39.95,850029132615,S
Makani 'Olu 'Olu Golf Polo - MSRP $39.95,850029132622,M
Makani 'Olu 'Olu Golf Polo - MSRP $39.95,850029132622,M
Makani 'Olu 'Olu Golf Polo - MSRP $39.95,850029132639,L
Makani 'Olu 'Olu Golf Polo - MSRP $39.95,850029132639,L
Makani 'Olu 'Olu Golf Polo - MSRP $39.95,850029132646,XL
Makani 'Olu 'Olu Golf Polo - MSRP $39.95,850029132646,XL
Makani 'Olu 'Olu Golf Polo - MSRP $39.95,850029132653,XXL
Makani 'Olu 'Olu Golf Polo - MSRP $39.95,850029132653,XXL
Makani 'Olu 'Olu Golf Polo - MSRP $39.95,850029132660,3XL
Makani 'Olu 'Olu Golf Polo - MSRP $39.95,850029132660,3XL
Makani 'Olu 'Olu Golf Polo - MSRP $39.95,850029132677,4XL
Makani 'Olu 'Olu Golf Polo - MSRP $39.95,850029132677,4XL
Marble Waves Women's Golf Polo,810111406581,XS
Marble Waves Women's Golf Polo,810111406598,S
Marble Waves Women's Golf Polo,810111406604,M
Marble Waves Women's Golf Polo,810111406611,L
Marble Waves Women's Golf Polo,810111406628,XL
Marble Waves Women's Golf Polo,810111406635,XXL
Marble Waves Women's Golf Polo,810111406642,3XL
Mardi Gras Golf Polo. LIMITED EDITION.,810151238357,S
Mardi Gras Golf Polo. LIMITED EDITION.,810151238364,M
Mardi Gras Golf Polo. LIMITED EDITION.,810151238371,L
Mardi Gras Golf Polo. LIMITED EDITION.,810151238388,XL
Mardi Gras Golf Polo. LIMITED EDITION.,810151238395,XXL
Mardi Gras Golf Polo. LIMITED EDITION.,810151238401,3XL
Mardi Gras Golf Polo. LIMITED EDITION.,810151238418,4XL
Meteor Splash Golf Polo,810111403627,S
Meteor Splash Golf Polo,810111403634,M
Meteor Splash Golf Polo,810111403641,L
Meteor Splash Golf Polo,810111403658,XL
Meteor Splash Golf Polo,810111403665,XXL
Meteor Splash Golf Polo,810111403672,3XL
Meteor Splash Golf Polo,810111403689,4XL
Miami 97 Women's Golf Polo,810151239262,XS
Miami 97 Women's Golf Polo,810151239279,S
Miami 97 Women's Golf Polo,810151239286,M
Miami 97 Women's Golf Polo,810151239293,L
Miami 97 Women's Golf Polo,810151239309,XL
Miami 97 Women's Golf Polo,810151239316,XXL
Miami 97 Women's Golf Polo,810151239323,3XL
Midnight Blue Golf Polo,850030643780,S
Midnight Blue Golf Polo,850030643797,M
Midnight Blue Golf Polo,850030643803,L
Midnight Blue Golf Polo,850030643810,XL
Midnight Blue Golf Polo,850030643827,XXL
Midnight Blue Golf Polo,850030643834,3XL
Midnight Blue Golf Polo,850030643841,4XL
Midnight Blue Swim Trunks,810151235806,S
Midnight Blue Swim Trunks,810151235813,M
Midnight Blue Swim Trunks,810151235820,L
Midnight Blue Swim Trunks,810151235837,XL
Midnight Blue Swim Trunks,810151235844,XXL
Midnight Blue Women's Golf Polo,810111409285,XS
Midnight Blue Women's Golf Polo,810111409292,S
Midnight Blue Women's Golf Polo,810111409308,M
Midnight Blue Women's Golf Polo,810111409315,L
Midnight Blue Women's Golf Polo,810111409322,XL
Midnight Blue Women's Golf Polo,810111409339,XXL
Midnight Blue Women's Golf Polo,810111409346,3XL
Midnight Blue Women's Sleeveless Golf Polo,810111409636,XS
Midnight Blue Women's Sleeveless Golf Polo,810111409643,S
Midnight Blue Women's Sleeveless Golf Polo,810111409650,M
Midnight Blue Women's Sleeveless Golf Polo,810111409667,L
Midnight Blue Women's Sleeveless Golf Polo,810111409674,XL
Midnight Blue Women's Sleeveless Golf Polo,810111409681,XXL
Midnight Blue Women's Sleeveless Golf Polo,810151234540,3XL
Midnight Blue Youth Golf Polo,810151230863,YXS
Midnight Blue Youth Golf Polo,810151230870,YS
Midnight Blue Youth Golf Polo,810151230887,YM
Midnight Blue Youth Golf Polo,810151230894,YL
Midnight Blue Youth Golf Polo,810151230900,YXL
Minty Mingo Women's Golf Polo,810151232768,XS
Minty Mingo Women's Golf Polo,810151232775,S
Minty Mingo Women's Golf Polo,810151232782,M
Minty Mingo Women's Golf Polo,810151232799,L
Minty Mingo Women's Golf Polo,810151232805,XL
Minty Mingo Women's Golf Polo,810151232812,XXL
Minty Mingo Women's Golf Polo,810151232829,3XL
Mojave Sunset Women's Golf Polo,810111406444,XS
Mojave Sunset Women's Golf Polo,810111406451,S
Mojave Sunset Women's Golf Polo,810111406468,M
Mojave Sunset Women's Golf Polo,810111406475,L
Mojave Sunset Women's Golf Polo,810111406482,XL
Mojave Sunset Women's Golf Polo,810111406499,XXL
Mojave Sunset Women's Golf Polo,810111406505,3XL
Navy Blue Golf Pants - Men's Slim Fit,810111402866,30W
Navy Blue Golf Pants - Men's Slim Fit,810111402873,30W
Navy Blue Golf Pants - Men's Slim Fit,810111402880,30W
Navy Blue Golf Pants - Men's Slim Fit,810111402897,32W
Navy Blue Golf Pants - Men's Slim Fit,810111402903,32W
Navy Blue Golf Pants - Men's Slim Fit,810111402903,32W
Navy Blue Golf Pants - Men's Slim Fit,810111402927,34W
Navy Blue Golf Pants - Men's Slim Fit,810111402934,34W
Navy Blue Golf Pants - Men's Slim Fit,810111402941,34W
Navy Blue Golf Pants - Men's Slim Fit,810111402958,36W
Navy Blue Golf Pants - Men's Slim Fit,810111402965,36W
Navy Blue Golf Pants - Men's Slim Fit,810111402972,36W
Navy Blue Golf Pants - Men's Slim Fit,810111402989,38W
Navy Blue Golf Pants - Men's Slim Fit,810111402996,38W
Navy Blue Golf Pants - Men's Slim Fit,810111403009,38W
Navy Blue Golf Pants - Men's Slim Fit,810111403016,40W
Navy Blue Golf Pants - Men's Slim Fit,810111403023,40W
Navy Blue Golf Pants - Men's Slim Fit,810111403030,40W
Navy Daisy Golf Polo,810151238845,S
Navy Daisy Golf Polo,810151238852,M
Navy Daisy Golf Polo,810151238869,L
Navy Daisy Golf Polo,810151238876,XL
Navy Daisy Golf Polo,810151238883,XXL
Navy Daisy Golf Polo,810151238890,3XL
Navy Daisy Golf Polo,810151238906,4XL
Navy Daisy Women's Golf Polo,810151239545,XS
Navy Daisy Women's Golf Polo,810151239552,S
Navy Daisy Women's Golf Polo,810151239569,M
Navy Daisy Women's Golf Polo,810151239576,L
Navy Daisy Women's Golf Polo,810151239583,XL
Navy Daisy Women's Golf Polo,810151239590,XXL
Navy Daisy Women's Golf Polo,810151239606,3XL
Nō Ka ʻOi Golf Polo,850029132967,S
Nō Ka ʻOi Golf Polo,850029132967,S
Nō Ka ʻOi Golf Polo,850029132974,M
Nō Ka ʻOi Golf Polo,850029132974,M
Nō Ka ʻOi Golf Polo,850029132981,L
Nō Ka ʻOi Golf Polo,850029132981,L
Nō Ka ʻOi Golf Polo,850029132998,XL
Nō Ka ʻOi Golf Polo,850029132998,XL
Nō Ka ʻOi Golf Polo,850030643001,4XL
Nō Ka ʻOi Golf Polo,850030643001,4XL
Nō Ka ʻOi Golf Polo,850030643018,3XL
Nō Ka ʻOi Golf Polo,850030643018,3XL
Nō Ka ʻOi Golf Polo,850030643025,XXL
Nō Ka ʻOi Golf Polo,850030643025,XXL
Nō Ka ʻOi Golf Polo - MSRP $39.95,850029132967,S
Nō Ka ʻOi Golf Polo - MSRP $39.95,850029132967,S
Nō Ka ʻOi Golf Polo - MSRP $39.95,850029132974,M
Nō Ka ʻOi Golf Polo - MSRP $39.95,850029132974,M
Nō Ka ʻOi Golf Polo - MSRP $39.95,850029132981,L
Nō Ka ʻOi Golf Polo - MSRP $39.95,850029132981,L
Nō Ka ʻOi Golf Polo - MSRP $39.95,850029132998,XL
Nō Ka ʻOi Golf Polo - MSRP $39.95,850029132998,XL
Nō Ka ʻOi Golf Polo - MSRP $39.95,850030643001,4XL
Nō Ka ʻOi Golf Polo - MSRP $39.95,850030643001,4XL
Nō Ka ʻOi Golf Polo - MSRP $39.95,850030643018,3XL
Nō Ka ʻOi Golf Polo - MSRP $39.95,850030643018,3XL
Nō Ka ʻOi Golf Polo - MSRP $39.95,850030643025,XXL
Nō Ka ʻOi Golf Polo - MSRP $39.95,850030643025,XXL
Ocean Blue Quarter Zip - Men's,810111403429,S
Ocean Blue Quarter Zip - Men's,810111403436,M
Ocean Blue Quarter Zip - Men's,810111403443,L
Ocean Blue Quarter Zip - Men's,810111403450,XL
Ocean Blue Quarter Zip - Men's,810111403467,XXL
Ocean Blue Quarter Zip - Men's,810111403825,XS
Ocean Blue Quarter Zip - Men's,810111403863,3XL
Ola Ola Golf Polo,810151238777,S
Ola Ola Golf Polo,810151238784,M
Ola Ola Golf Polo,810151238791,L
Ola Ola Golf Polo,810151238807,XL
Ola Ola Golf Polo,810151238814,XXL
Ola Ola Golf Polo,810151238821,3XL
Ola Ola Golf Polo,810151238838,4XL
POW Golf Polo,810111403528,XXL
POW Golf Polo,810111403535,3XL
POW Golf Polo,810111409759,S
POW Golf Polo,810111409766,M
POW Golf Polo,810111409773,L
POW Golf Polo,810111409780,XL
POW Golf Polo,810111409797,4XL
POW Women's Golf Polo,810111400688,XS
POW Women's Golf Polo,810111400695,S
POW Women's Golf Polo,810111400701,M
POW Women's Golf Polo,810111400718,L
POW Women's Golf Polo,810111400725,XL
POW Women's Golf Polo,810111400732,XXL
POW Women's Golf Polo,810111400749,3XL
Palm Bay Golf Polo,810111405607,S
Palm Bay Golf Polo,810111405614,M
Palm Bay Golf Polo,810111405621,L
Palm Bay Golf Polo,810111405638,XL
Palm Bay Golf Polo,810111405645,XXL
Palm Bay Golf Polo,810111405652,3XL
Palm Bay Golf Polo,810111405669,4XL
Palm Bay Women's Golf Polo,810151231853,XS
Palm Bay Women's Golf Polo,810151231860,S
Palm Bay Women's Golf Polo,810151231877,M
Palm Bay Women's Golf Polo,810151231884,L
Palm Bay Women's Golf Polo,810151231891,XL
Palm Bay Women's Golf Polo,810151231907,XXL
Palm Bay Women's Golf Polo,810151231914,3XL
Palm Noir Golf Polo,810151231365,S
Palm Noir Golf Polo,810151231372,M
Palm Noir Golf Polo,810151231389,L
Palm Noir Golf Polo,810151231396,XL
Palm Noir Golf Polo,810151231402,XXL
Palm Noir Golf Polo,810151231419,3XL
Palm Noir Golf Polo,810151231426,4XL
Palm Peach Golf Polo,810151238494,S
Palm Peach Golf Polo,810151238500,M
Palm Peach Golf Polo,810151238517,L
Palm Peach Golf Polo,810151238524,XL
Palm Peach Golf Polo,810151238531,XXL
Palm Peach Golf Polo,810151238548,3XL
Palm Peach Golf Polo,810151238555,4XL
Palm Spice Golf Polo,810151232690,S
Palm Spice Golf Polo,810151232706,M
Palm Spice Golf Polo,810151232713,L
Palm Spice Golf Polo,810151232720,XL
Palm Spice Golf Polo,810151232737,XXL
Palm Spice Golf Polo,810151232744,3XL
Palm Spice Golf Polo,810151232751,4XL
Palmer Sunday Golf Polo. LIMITED EDITION.,810111400206,S
Palmer Sunday Golf Polo. LIMITED EDITION.,810111400213,M
Palmer Sunday Golf Polo. LIMITED EDITION.,810111400220,L
Palmer Sunday Golf Polo. LIMITED EDITION.,810111400237,XL
Palmer Sunday Golf Polo. LIMITED EDITION.,810111400244,XXL
Palmer Sunday Golf Polo. LIMITED EDITION.,810111400824,3XL
Palmer Sunday Golf Polo. LIMITED EDITION.,810111400831,4XL
Palmer Sunday Golf Polo. Women's. LIMITED EDITION.,810111401869,3XL
Palmer Sunday Golf Polo. Women's. LIMITED EDITION.,850040321272,XS
Palmer Sunday Golf Polo. Women's. LIMITED EDITION.,850040321289,S
Palmer Sunday Golf Polo. Women's. LIMITED EDITION.,850040321296,M
Palmer Sunday Golf Polo. Women's. LIMITED EDITION.,850040321302,L
Palmer Sunday Golf Polo. Women's. LIMITED EDITION.,850040321319,XL
Palmer Sunday Golf Polo. Women's. LIMITED EDITION.,850040321326,XXL
Pastel Breeze Women's Golf Polo,810151239330,XS
Pastel Breeze Women's Golf Polo,810151239347,S
Pastel Breeze Women's Golf Polo,810151239354,M
Pastel Breeze Women's Golf Polo,810151239361,L
Pastel Breeze Women's Golf Polo,810151239378,XL
Pastel Breeze Women's Golf Polo,810151239385,XXL
Pastel Breeze Women's Golf Polo,810151239392,3XL
Patriot Youth Golf Polo,810111404952,YXS
Patriot Youth Golf Polo,810111404969,YS
Patriot Youth Golf Polo,810111404976,YM
Patriot Youth Golf Polo,810111404983,YL
Patriot Youth Golf Polo,810111404990,YXL
Patriotic Blue Golf Glove,810111401050,S
Patriotic Blue Golf Glove,810111401067,M
Patriotic Blue Golf Glove,810111401074,ML
Patriotic Blue Golf Glove,810111401081,XL
Patriotic Blue Golf Glove,810111401098,XXL
Patriotic Blue Golf Glove,810111401234,L
Pau Hana Golf Polo,850029132172,S
Pau Hana Golf Polo,850029132172,S
Pau Hana Golf Polo,850029132189,M
Pau Hana Golf Polo,850029132189,M
Pau Hana Golf Polo,850029132196,L
Pau Hana Golf Polo,850029132196,L
Pau Hana Golf Polo,850029132202,XL
Pau Hana Golf Polo,850029132202,XL
Pau Hana Golf Polo,850029132219,XXL
Pau Hana Golf Polo,850029132219,XXL
Pau Hana Golf Polo,850029132226,3XL
Pau Hana Golf Polo,850029132226,3XL
Pau Hana Golf Polo,850029132394,4XL
Pau Hana Golf Polo,850029132394,4XL
Pau Hana Golf Polo - MSRP $39.95,850029132172,S
Pau Hana Golf Polo - MSRP $39.95,850029132172,S
Pau Hana Golf Polo - MSRP $39.95,850029132189,M
Pau Hana Golf Polo - MSRP $39.95,850029132189,M
Pau Hana Golf Polo - MSRP $39.95,850029132196,L
Pau Hana Golf Polo - MSRP $39.95,850029132196,L
Pau Hana Golf Polo - MSRP $39.95,850029132202,XL
Pau Hana Golf Polo - MSRP $39.95,850029132202,XL
Pau Hana Golf Polo - MSRP $39.95,850029132219,XXL
Pau Hana Golf Polo - MSRP $39.95,850029132219,XXL
Pau Hana Golf Polo - MSRP $39.95,850029132226,3XL
Pau Hana Golf Polo - MSRP $39.95,850029132226,3XL
Pau Hana Golf Polo - MSRP $39.95,850029132394,4XL
Pau Hana Golf Polo - MSRP $39.95,850029132394,4XL
People's Party Polo. LIMITED EDITION.,810151237220,S
People's Party Polo. LIMITED EDITION.,810151237237,M
People's Party Polo. LIMITED EDITION.,810151237244,L
People's Party Polo. LIMITED EDITION.,810151237251,XL
People's Party Polo. LIMITED EDITION.,810151237268,XXL
People's Party Polo. LIMITED EDITION.,810151237275,3XL
People's Party Polo. LIMITED EDITION.,810151237282,4XL
People's Party Polo. Women's. LIMITED EDITION.,810151237435,XS
People's Party Polo. Women's. LIMITED EDITION.,810151237442,S
People's Party Polo. Women's. LIMITED EDITION.,810151237459,M
People's Party Polo. Women's. LIMITED EDITION.,810151237466,L
People's Party Polo. Women's. LIMITED EDITION.,810151237473,XL
People's Party Polo. Women's. LIMITED EDITION.,810151237480,XXL
People's Party Polo. Women's. LIMITED EDITION.,810151237497,3XL
Pink Camo Golf Polo,810111405539,S
Pink Camo Golf Polo,810111405546,M
Pink Camo Golf Polo,810111405553,L
Pink Camo Golf Polo,810111405560,XL
Pink Camo Golf Polo,810111405577,XXL
Pink Camo Golf Polo,810111405584,3XL
Pink Camo Golf Polo,810111405591,4XL
Pink Camo Women's Golf Polo,810111406024,XS
Pink Camo Women's Golf Polo,810111406031,S
Pink Camo Women's Golf Polo,810111406048,M
Pink Camo Women's Golf Polo,810111406055,L
Pink Camo Women's Golf Polo,810111406062,XL
Pink Camo Women's Golf Polo,810111406079,XXL
Pink Camo Women's Golf Polo,810111406086,3XL
Pink Frost Women's Golf Polo,810111400756,XS
Pink Frost Women's Golf Polo,810111400763,S
Pink Frost Women's Golf Polo,810111400770,M
Pink Frost Women's Golf Polo,810111400787,L
Pink Frost Women's Golf Polo,810111400794,XL
Pink Frost Women's Golf Polo,810111400800,XXL
Pink Frost Women's Golf Polo,810111400817,3XL
Pink Quarter Zip - Men's,810111403375,S
Pink Quarter Zip - Men's,810111403382,M
Pink Quarter Zip - Men's,810111403399,L
Pink Quarter Zip - Men's,810111403405,XL
Pink Quarter Zip - Men's,810111403412,XXL
Pink Quarter Zip - Men's,810151230030,XS
Pink Quarter Zip - Men's,810151230078,3XL
Piña Colada Golf Polo,850030643575,S
Piña Colada Golf Polo,850030643582,M
Piña Colada Golf Polo,850030643599,L
Piña Colada Golf Polo,850030643605,XL
Piña Colada Golf Polo,850030643612,XXL
Piña Colada Golf Polo,850030643629,3XL
Piña Colada Golf Polo,850030643636,4XL
Primal Forest Golf Polo,850029132103,S
Primal Forest Golf Polo,850029132103,S
Primal Forest Golf Polo,850029132127,M
Primal Forest Golf Polo,850029132127,M
Primal Forest Golf Polo,850029132134,L
Primal Forest Golf Polo,850029132134,L
Primal Forest Golf Polo,850029132141,XL
Primal Forest Golf Polo,850029132141,XL
Primal Forest Golf Polo,850029132158,XXL
Primal Forest Golf Polo,850029132158,XXL
Primal Forest Golf Polo,850029132165,3XL
Primal Forest Golf Polo,850029132165,3XL
Primal Forest Golf Polo,850029132387,4XL
Primal Forest Golf Polo,850029132387,4XL
Primal Forest Golf Polo - MSRP $39.95,850029132103,S
Primal Forest Golf Polo - MSRP $39.95,850029132103,S
Primal Forest Golf Polo - MSRP $39.95,850029132127,M
Primal Forest Golf Polo - MSRP $39.95,850029132127,M
Primal Forest Golf Polo - MSRP $39.95,850029132134,L
Primal Forest Golf Polo - MSRP $39.95,850029132134,L
Primal Forest Golf Polo - MSRP $39.95,850029132141,XL
Primal Forest Golf Polo - MSRP $39.95,850029132141,XL
Primal Forest Golf Polo - MSRP $39.95,850029132158,XXL
Primal Forest Golf Polo - MSRP $39.95,850029132158,XXL
Primal Forest Golf Polo - MSRP $39.95,850029132165,3XL
Primal Forest Golf Polo - MSRP $39.95,850029132165,3XL
Primal Forest Golf Polo - MSRP $39.95,850029132387,4XL
Primal Forest Golf Polo - MSRP $39.95,850029132387,4XL
Prismatic Golf Polo,810111407359,S
Prismatic Golf Polo,810111407366,M
Prismatic Golf Polo,810111407373,L
Prismatic Golf Polo,810111407380,XL
Prismatic Golf Polo,810111407397,XXL
Prismatic Golf Polo,810111407403,3XL
Prismatic Golf Polo,810111407410,4XL
Pura Vida Golf Polo - MSRP $39.95,850029132820,S
Pura Vida Golf Polo - MSRP $39.95,850029132837,M
Pura Vida Golf Polo - MSRP $39.95,850029132844,L
Pura Vida Golf Polo - MSRP $39.95,850029132851,XL
Pura Vida Golf Polo - MSRP $39.95,850029132868,XXL
Pura Vida Golf Polo - MSRP $39.95,850029132875,3XL
Pura Vida Golf Polo - MSRP $39.95,850029132882,4XL
Pure Michigan Livin' Golf Polo. LIMITED EDITION.,810151230436,S
Pure Michigan Livin' Golf Polo. LIMITED EDITION.,810151230443,M
Pure Michigan Livin' Golf Polo. LIMITED EDITION.,810151230450,L
Pure Michigan Livin' Golf Polo. LIMITED EDITION.,810151230467,XL
Pure Michigan Livin' Golf Polo. LIMITED EDITION.,810151230474,XXL
Pure Michigan Livin' Golf Polo. LIMITED EDITION.,810151230481,3XL
Pure Michigan Livin' Golf Polo. LIMITED EDITION.,810151230498,4XL
Pure Michigan Livin' Golf Polo. LIMITED EDITION.,850040321746,S
Pure Michigan Livin' Golf Polo. LIMITED EDITION.,850040321746,S
Pure Michigan Livin' Golf Polo. LIMITED EDITION.,850040321753,M
Pure Michigan Livin' Golf Polo. LIMITED EDITION.,850040321753,M
Pure Michigan Livin' Golf Polo. LIMITED EDITION.,850040321760,L
Pure Michigan Livin' Golf Polo. LIMITED EDITION.,850040321760,L
Pure Michigan Livin' Golf Polo. LIMITED EDITION.,850040321777,XL
Pure Michigan Livin' Golf Polo. LIMITED EDITION.,850040321777,XL
Pure Michigan Livin' Golf Polo. LIMITED EDITION.,850040321784,XXL
Pure Michigan Livin' Golf Polo. LIMITED EDITION.,850040321784,XXL
Pure Michigan Livin' Golf Polo. LIMITED EDITION.,850040321791,3XL
Pure Michigan Livin' Golf Polo. LIMITED EDITION.,850040321791,3XL
Pure Michigan Livin' Golf Polo. LIMITED EDITION.,850040321807,4XL
Pure Michigan Livin' Golf Polo. LIMITED EDITION.,850040321807,4XL
Pure Michigan Livin' Golf Polo. Women's. LIMITED EDITION.,810111402163,XS
Pure Michigan Livin' Golf Polo. Women's. LIMITED EDITION.,810111402170,S
Pure Michigan Livin' Golf Polo. Women's. LIMITED EDITION.,810111402187,M
Pure Michigan Livin' Golf Polo. Women's. LIMITED EDITION.,810111402194,L
Pure Michigan Livin' Golf Polo. Women's. LIMITED EDITION.,810111402200,S
Pure Michigan Livin' Golf Polo. Women's. LIMITED EDITION.,810111402217,M
Pure Michigan Livin' Golf Polo. Women's. LIMITED EDITION.,810111402224,L
Pure Michigan Livin' Golf Polo. Women's. LIMITED EDITION.,810111402231,XL
Pure Michigan Livin' Golf Polo. Women's. LIMITED EDITION.,810111402286,XS
Pure Michigan Livin' Golf Polo. Women's. LIMITED EDITION.,810111402309,XXL
Pure Michigan Livin' Golf Polo. Women's. LIMITED EDITION.,810111402316,3XL
Pure Michigan Livin' Golf Polo. Women's. LIMITED EDITION.,810111403542,3XL
Pure Michigan Livin' Golf Polo. Women's. LIMITED EDITION.,810111403559,XL
Pure Michigan Livin' Golf Polo. Women's. LIMITED EDITION.,810111403566,XXL
Purplicious Women's Golf Polo,810111401845,3XL
Purplicious Women's Golf Polo,810111409162,4XL
Purplicious Women's Golf Polo,850040321159,XS
Purplicious Women's Golf Polo,850040321166,S
Purplicious Women's Golf Polo,850040321173,M
Purplicious Women's Golf Polo,850040321180,L
Purplicious Women's Golf Polo,850040321197,XL
Purplicious Women's Golf Polo,850040321203,XXL
Purplicious Women's Sleeveless Golf Polo,810111402132,3XL
Purplicious Women's Sleeveless Golf Polo,810111408004,XS
Purplicious Women's Sleeveless Golf Polo,810111408011,S
Purplicious Women's Sleeveless Golf Polo,810111408028,M
Purplicious Women's Sleeveless Golf Polo,810111408035,L
Purplicious Women's Sleeveless Golf Polo,810111408042,XL
Purplicious Women's Sleeveless Golf Polo,810111408059,XXL
Quicksilver Golf Polo,810151233604,S
Quicksilver Golf Polo,810151233611,M
Quicksilver Golf Polo,810151233628,L
Quicksilver Golf Polo,810151233635,XL
Quicksilver Golf Polo,810151233642,XXL
Quicksilver Golf Polo,810151233659,3XL
Quicksilver Golf Polo,810151233666,4XL
Quicksilver Women's Golf Polo,810151233253,XS
Quicksilver Women's Golf Polo,810151233260,S
Quicksilver Women's Golf Polo,810151233277,M
Quicksilver Women's Golf Polo,810151233284,L
Quicksilver Women's Golf Polo,810151233291,XL
Quicksilver Women's Golf Polo,810151233307,XXL
Quicksilver Women's Golf Polo,810151233314,3XL
Red White & Beaches Golf Polo,810111405256,S
Red White & Beaches Golf Polo,810111405263,M
Red White & Beaches Golf Polo,810111405270,L
Red White & Beaches Golf Polo,810111405287,XL
Red White & Beaches Golf Polo,810111405294,XXL
Red White & Beaches Golf Polo,810111405300,3XL
Red White & Beaches Golf Polo,810111405317,4XL
Red White & Beaches Women's Golf Polo,810151232904,XS
Red White & Beaches Women's Golf Polo,810151232911,S
Red White & Beaches Women's Golf Polo,810151232928,M
Red White & Beaches Women's Golf Polo,810151232935,L
Red White & Beaches Women's Golf Polo,810151232942,XL
Red White & Beaches Women's Golf Polo,810151232959,XXL
Red White & Beaches Women's Golf Polo,810151232966,3XL
Rosé Fairway Women's Golf Polo,810111401852,3XL
Rosé Fairway Women's Golf Polo,810151234045,XS
Rosé Fairway Women's Golf Polo,810151234069,S
Rosé Fairway Women's Golf Polo,810151234076,M
Rosé Fairway Women's Golf Polo,810151234083,L
Rosé Fairway Women's Golf Polo,810151234090,XL
Rosé Fairway Women's Golf Polo,810151234106,XXL
Sail Away Golf Polo,810151231297,S
Sail Away Golf Polo,810151231303,M
Sail Away Golf Polo,810151231310,L
Sail Away Golf Polo,810151231327,XL
Sail Away Golf Polo,810151231334,XXL
Sail Away Golf Polo,810151231341,3XL
Sail Away Golf Polo,810151231358,4XL
San Francisco Golf Polo LIMITED EDITION,810151236308,S
San Francisco Golf Polo LIMITED EDITION,810151236315,M
San Francisco Golf Polo LIMITED EDITION,810151236322,L
San Francisco Golf Polo LIMITED EDITION,810151236339,XL
San Francisco Golf Polo LIMITED EDITION,810151236346,XXL
San Francisco Golf Polo LIMITED EDITION,810151236353,S
San Francisco Golf Polo LIMITED EDITION,810151236360,M
San Francisco Golf Polo LIMITED EDITION,810151236377,L
San Francisco Golf Polo LIMITED EDITION,810151236384,XL
San Francisco Golf Polo LIMITED EDITION,810151236391,XXL
San Francisco Golf Polo LIMITED EDITION,810151236490,3XL
San Francisco Golf Polo LIMITED EDITION,810151236506,4XL
San Francisco Golf Polo LIMITED EDITION,810151236513,3XL
San Francisco Golf Polo LIMITED EDITION,810151236520,4XL
Sapphire Splash Women's Golf Polo,810151231990,XS
Sapphire Splash Women's Golf Polo,810151232003,S
Sapphire Splash Women's Golf Polo,810151232010,M
Sapphire Splash Women's Golf Polo,810151232027,L
Sapphire Splash Women's Golf Polo,810151232034,XL
Sapphire Splash Women's Golf Polo,810151232041,XXL
Sapphire Splash Women's Golf Polo,810151232058,3XL
Shaka Life Golf Polo,850029132233,S
Shaka Life Golf Polo,850029132233,S
Shaka Life Golf Polo,850029132240,M
Shaka Life Golf Polo,850029132240,M
Shaka Life Golf Polo,850029132257,L
Shaka Life Golf Polo,850029132257,L
Shaka Life Golf Polo,850029132264,XL
Shaka Life Golf Polo,850029132264,XL
Shaka Life Golf Polo,850029132271,XXL
Shaka Life Golf Polo,850029132271,XXL
Shaka Life Golf Polo,850029132288,3XL
Shaka Life Golf Polo,850029132288,3XL
Shaka Life Golf Polo,850029132363,4XL
Shaka Life Golf Polo,850029132363,4XL
Shaka Life Golf Polo - MSRP $39.95,850029132233,S
Shaka Life Golf Polo - MSRP $39.95,850029132233,S
Shaka Life Golf Polo - MSRP $39.95,850029132240,M
Shaka Life Golf Polo - MSRP $39.95,850029132240,M
Shaka Life Golf Polo - MSRP $39.95,850029132257,L
Shaka Life Golf Polo - MSRP $39.95,850029132257,L
Shaka Life Golf Polo - MSRP $39.95,850029132264,XL
Shaka Life Golf Polo - MSRP $39.95,850029132264,XL
Shaka Life Golf Polo - MSRP $39.95,850029132271,XXL
Shaka Life Golf Polo - MSRP $39.95,850029132271,XXL
Shaka Life Golf Polo - MSRP $39.95,850029132288,3XL
Shaka Life Golf Polo - MSRP $39.95,850029132288,3XL
Shaka Life Golf Polo - MSRP $39.95,850029132363,4XL
Shaka Life Golf Polo - MSRP $39.95,850029132363,4XL
Shodo Golf Polo,810151231433,S
Shodo Golf Polo,810151231440,M
Shodo Golf Polo,810151231457,L
Shodo Golf Polo,810151231464,XL
Shodo Golf Polo,810151231471,XXL
Shodo Golf Polo,810151231488,3XL
Shodo Golf Polo,810151231495,4XL
Size Test Deep Sea Women's Golf Polo,810111406512,XS
Size Test Deep Sea Women's Golf Polo,810111406512,XS
Size Test Deep Sea Women's Golf Polo,810111406529,S
Size Test Deep Sea Women's Golf Polo,810111406529,S
Size Test Deep Sea Women's Golf Polo,810111406536,M
Size Test Deep Sea Women's Golf Polo,810111406536,M
Size Test Deep Sea Women's Golf Polo,810111406543,L
Size Test Deep Sea Women's Golf Polo,810111406543,L
Size Test Deep Sea Women's Golf Polo,810111406550,XL
Size Test Deep Sea Women's Golf Polo,810111406550,XL
Size Test Deep Sea Women's Golf Polo,810111406567,XXL
Size Test Deep Sea Women's Golf Polo,810111406567,XXL
Size Test Deep Sea Women's Golf Polo,810111406574,3XL
Size Test Deep Sea Women's Golf Polo,810111406574,3XL
Spring Track Golf Polo,810151231501,S
Spring Track Golf Polo,810151231518,M
Spring Track Golf Polo,810151231525,L
Spring Track Golf Polo,810151231532,XL
Spring Track Golf Polo,810151231549,XXL
Spring Track Golf Polo,810151231556,3XL
Spring Track Golf Polo,810151231563,4XL
Spring Track Women's Golf Polo,810151232201,XS
Spring Track Women's Golf Polo,810151232218,S
Spring Track Women's Golf Polo,810151232225,M
Spring Track Women's Golf Polo,810151232232,L
Spring Track Women's Golf Polo,810151232249,XL
Spring Track Women's Golf Polo,810151232256,XXL
Spring Track Women's Golf Polo,810151232263,3XL
Stormy Greens Golf Polo,850030643261,3XL
Stormy Greens Golf Polo,850030643278,4XL
Stormy Greens Golf Polo,850030643315,XL
Stormy Greens Golf Polo,850030643322,XXL
Stormy Greens Golf Polo,850030643339,L
Stormy Greens Golf Polo,850030643346,M
Stormy Greens Golf Polo,850030643353,S
Stormy Greens Women's Golf Polo,810111400268,3XL
Stormy Greens Women's Golf Polo,810111400275,XXL
Stormy Greens Women's Golf Polo,810111401975,XS
Stormy Greens Women's Golf Polo,810111401982,S
Stormy Greens Women's Golf Polo,810111401999,M
Stormy Greens Women's Golf Polo,810111402002,L
Stormy Greens Women's Golf Polo,810111402019,XL
Subtle Pines Golf Polo - MSRP $39.95,850029132547,S
Subtle Pines Golf Polo - MSRP $39.95,850029132554,M
Subtle Pines Golf Polo - MSRP $39.95,850029132561,L
Subtle Pines Golf Polo - MSRP $39.95,850029132578,XL
Subtle Pines Golf Polo - MSRP $39.95,850029132585,XXL
Subtle Pines Golf Polo - MSRP $39.95,850029132592,3XL
Subtle Pines Golf Polo - MSRP $39.95,850029132608,4XL
Summer Watermelon Golf Polo,850040321746,S
Summer Watermelon Golf Polo,850040321746,S
Summer Watermelon Golf Polo,850040321753,M
Summer Watermelon Golf Polo,850040321753,M
Summer Watermelon Golf Polo,850040321760,L
Summer Watermelon Golf Polo,850040321760,L
Summer Watermelon Golf Polo,850040321777,XL
Summer Watermelon Golf Polo,850040321777,XL
Summer Watermelon Golf Polo,850040321784,XXL
Summer Watermelon Golf Polo,850040321784,XXL
Summer Watermelon Golf Polo,850040321791,3XL
Summer Watermelon Golf Polo,850040321791,3XL
Summer Watermelon Golf Polo,850040321807,4XL
Summer Watermelon Golf Polo,850040321807,4XL
Sunset Swing Women's Golf Polo,810151239125,XS
Sunset Swing Women's Golf Polo,810151239132,S
Sunset Swing Women's Golf Polo,810151239149,M
Sunset Swing Women's Golf Polo,810151239156,L
Sunset Swing Women's Golf Polo,810151239163,XL
Sunset Swing Women's Golf Polo,810151239170,XXL
Sunset Swing Women's Golf Polo,810151239187,3XL
TEST Sams Polo,100000000001,S
TEST Sams Polo,100000000002,M
TEST Sams Polo,100000000003,L
TEST Sams Polo,100000000004,XL
TEST Sams Polo,100000000005,2XL
TEST Sams Polo,100000000006,3XL
TEST Sams Polo,100000000007,4XL
Teal Paradise Golf Polo,810151239057,S
Teal Paradise Golf Polo,810151239064,M
Teal Paradise Golf Polo,810151239071,L
Teal Paradise Golf Polo,810151239088,XL
Teal Paradise Golf Polo,810151239095,XXL
Teal Paradise Golf Polo,810151239101,3XL
Teal Paradise Golf Polo,810151239118,4XL
Teal Paradise Women's Golf Polo,810151239408,XS
Teal Paradise Women's Golf Polo,810151239415,S
Teal Paradise Women's Golf Polo,810151239422,M
Teal Paradise Women's Golf Polo,810151239439,L
Teal Paradise Women's Golf Polo,810151239446,XL
Teal Paradise Women's Golf Polo,810151239453,XXL
Teal Paradise Women's Golf Polo,810151239460,3XL
Team U.S. of A. Golf Polo,850040321883,S
Team U.S. of A. Golf Polo,850040321890,M
Team U.S. of A. Golf Polo,850040321906,L
Team U.S. of A. Golf Polo,850040321913,XL
Team U.S. of A. Golf Polo,850040321920,3XL
Team U.S. of A. Golf Polo,850040321937,XXL
Team U.S. of A. Golf Polo,850040321944,4XL
Telos Adjustable Golf Tees,850029132004,Fire Red
Telos Adjustable Golf Tees,850029132004,Fire Red
Telos Adjustable Golf Tees,850029132028,Sunny Yellow
Telos Adjustable Golf Tees,850029132028,Sunny Yellow
Telos Adjustable Golf Tees,850029132035,Ice Blue
Telos Adjustable Golf Tees,850029132035,Ice Blue
Telos Adjustable Golf Tees,850030643551,Hot Pink
Telos Adjustable Golf Tees,850030643568,Lucky Green
Telos Adjustable Golf Tees,850040321579,Navy Blue
Telos Adjustable Golf Tees,850040321586,Classic White
Telos Premium Golf Tees - MSRP $9.64,850029132004,Fire Red
Telos Premium Golf Tees - MSRP $9.64,850029132004,Fire Red
Telos Premium Golf Tees - MSRP $9.64,850029132028,Sunny Yellow
Telos Premium Golf Tees - MSRP $9.64,850029132028,Sunny Yellow
Telos Premium Golf Tees - MSRP $9.64,850029132035,Ice Blue
Telos Premium Golf Tees - MSRP $9.64,850029132035,Ice Blue
The Black Polo,810151231082,S
The Black Polo,810151231099,M
The Black Polo,810151231105,L
The Black Polo,810151231112,XL
The Black Polo,810151231129,XXL
The Black Polo,810151231136,3XL
The Black Polo,810151231143,4XL
The British Polo. LIMITED EDITION.,810111408561,S
The British Polo. LIMITED EDITION.,810111408578,M
The British Polo. LIMITED EDITION.,810111408585,L
The British Polo. LIMITED EDITION.,810111408592,XL
The British Polo. LIMITED EDITION.,810111408608,XXL
The British Polo. LIMITED EDITION.,810111408615,3XL
The British Polo. LIMITED EDITION.,810111408622,4XL
The British Polo. Women's. LIMITED EDITION.,810111408639,XS
The British Polo. Women's. LIMITED EDITION.,810111408646,S
The British Polo. Women's. LIMITED EDITION.,810111408653,M
The British Polo. Women's. LIMITED EDITION.,810111408660,L
The British Polo. Women's. LIMITED EDITION.,810111408677,XL
The British Polo. Women's. LIMITED EDITION.,810111408684,XXL
The British Polo. Women's. LIMITED EDITION.,810111408691,3XL
The Colors of Life Women's Golf Polo,810111406727,XS
The Colors of Life Women's Golf Polo,810111406734,S
The Colors of Life Women's Golf Polo,810111406741,M
The Colors of Life Women's Golf Polo,810111406758,L
The Colors of Life Women's Golf Polo,810111406765,XL
The Colors of Life Women's Golf Polo,810111406772,XXL
The Colors of Life Women's Golf Polo,810111406789,3XL
The Grey Polo,810111405676,S
The Grey Polo,810111405683,M
The Grey Polo,810111405690,L
The Grey Polo,810111405706,XL
The Grey Polo,810111405713,XXL
The Grey Polo,810111405720,3XL
The Grey Polo,810111405737,4XL
The Navy Polo,810151234113,S
The Navy Polo,810151234120,M
The Navy Polo,810151234137,L
The Navy Polo,810151234144,XL
The Navy Polo,810151234151,XXL
The Navy Polo,810151234168,3XL
The Navy Polo,810151234175,4XL
The Patriot Golf Polo,850029132042,S
The Patriot Golf Polo,850029132042,S
The Patriot Golf Polo,850029132042,S
The Patriot Golf Polo,850029132042,S
The Patriot Golf Polo,850029132042,S
The Patriot Golf Polo,850029132059,M
The Patriot Golf Polo,850029132059,M
The Patriot Golf Polo,850029132059,M
The Patriot Golf Polo,850029132059,M
The Patriot Golf Polo,850029132059,M
The Patriot Golf Polo,850029132066,L
The Patriot Golf Polo,850029132066,L
The Patriot Golf Polo,850029132066,L
The Patriot Golf Polo,850029132066,L
The Patriot Golf Polo,850029132066,L
The Patriot Golf Polo,850029132073,XL
The Patriot Golf Polo,850029132073,XL
The Patriot Golf Polo,850029132073,XL
The Patriot Golf Polo,850029132073,XL
The Patriot Golf Polo,850029132073,XL
The Patriot Golf Polo,850029132080,XXL
The Patriot Golf Polo,850029132080,XXL
The Patriot Golf Polo,850029132080,XXL
The Patriot Golf Polo,850029132080,XXL
The Patriot Golf Polo,850029132080,XXL
The Patriot Golf Polo,850029132097,3XL
The Patriot Golf Polo,850029132097,3XL
The Patriot Golf Polo,850029132097,3XL
The Patriot Golf Polo,850029132097,3XL
The Patriot Golf Polo,850029132097,3XL
The Patriot Golf Polo,850029132370,4XL
The Patriot Golf Polo,850029132370,4XL
The Patriot Golf Polo,850029132370,4XL
The Patriot Golf Polo,850029132370,4XL
The Patriot Golf Polo ($39.95 Test),850029132042,S
The Patriot Golf Polo ($39.95 Test),850029132042,S
The Patriot Golf Polo ($39.95 Test),850029132042,S
The Patriot Golf Polo ($39.95 Test),850029132042,S
The Patriot Golf Polo ($39.95 Test),850029132042,S
The Patriot Golf Polo ($39.95 Test),850029132059,M
The Patriot Golf Polo ($39.95 Test),850029132059,M
The Patriot Golf Polo ($39.95 Test),850029132059,M
The Patriot Golf Polo ($39.95 Test),850029132059,M
The Patriot Golf Polo ($39.95 Test),850029132059,M
The Patriot Golf Polo ($39.95 Test),850029132066,L
The Patriot Golf Polo ($39.95 Test),850029132066,L
The Patriot Golf Polo ($39.95 Test),850029132066,L
The Patriot Golf Polo ($39.95 Test),850029132066,L
The Patriot Golf Polo ($39.95 Test),850029132066,L
The Patriot Golf Polo ($39.95 Test),850029132073,XL
The Patriot Golf Polo ($39.95 Test),850029132073,XL
The Patriot Golf Polo ($39.95 Test),850029132073,XL
The Patriot Golf Polo ($39.95 Test),850029132073,XL
The Patriot Golf Polo ($39.95 Test),850029132073,XL
The Patriot Golf Polo ($39.95 Test),850029132080,XXL
The Patriot Golf Polo ($39.95 Test),850029132080,XXL
The Patriot Golf Polo ($39.95 Test),850029132080,XXL
The Patriot Golf Polo ($39.95 Test),850029132080,XXL
The Patriot Golf Polo ($39.95 Test),850029132080,XXL
The Patriot Golf Polo ($39.95 Test),850029132097,3XL
The Patriot Golf Polo ($39.95 Test),850029132097,3XL
The Patriot Golf Polo ($39.95 Test),850029132097,3XL
The Patriot Golf Polo ($39.95 Test),850029132097,3XL
The Patriot Golf Polo ($39.95 Test),850029132097,3XL
The Patriot Golf Polo ($39.95 Test),850029132370,4XL
The Patriot Golf Polo ($39.95 Test),850029132370,4XL
The Patriot Golf Polo ($39.95 Test),850029132370,4XL
The Patriot Golf Polo ($39.95 Test),850029132370,4XL
The Patriot Golf Polo ($40 Test),850029132042,S
The Patriot Golf Polo ($40 Test),850029132042,S
The Patriot Golf Polo ($40 Test),850029132042,S
The Patriot Golf Polo ($40 Test),850029132042,S
The Patriot Golf Polo ($40 Test),850029132042,S
The Patriot Golf Polo ($40 Test),850029132059,M
The Patriot Golf Polo ($40 Test),850029132059,M
The Patriot Golf Polo ($40 Test),850029132059,M
The Patriot Golf Polo ($40 Test),850029132059,M
The Patriot Golf Polo ($40 Test),850029132059,M
The Patriot Golf Polo ($40 Test),850029132066,L
The Patriot Golf Polo ($40 Test),850029132066,L
The Patriot Golf Polo ($40 Test),850029132066,L
The Patriot Golf Polo ($40 Test),850029132066,L
The Patriot Golf Polo ($40 Test),850029132066,L
The Patriot Golf Polo ($40 Test),850029132073,XL
The Patriot Golf Polo ($40 Test),850029132073,XL
The Patriot Golf Polo ($40 Test),850029132073,XL
The Patriot Golf Polo ($40 Test),850029132073,XL
The Patriot Golf Polo ($40 Test),850029132073,XL
The Patriot Golf Polo ($40 Test),850029132080,XXL
The Patriot Golf Polo ($40 Test),850029132080,XXL
The Patriot Golf Polo ($40 Test),850029132080,XXL
The Patriot Golf Polo ($40 Test),850029132080,XXL
The Patriot Golf Polo ($40 Test),850029132080,XXL
The Patriot Golf Polo ($40 Test),850029132097,3XL
The Patriot Golf Polo ($40 Test),850029132097,3XL
The Patriot Golf Polo ($40 Test),850029132097,3XL
The Patriot Golf Polo ($40 Test),850029132097,3XL
The Patriot Golf Polo ($40 Test),850029132097,3XL
The Patriot Golf Polo ($49.95 Test),850029132042,S
The Patriot Golf Polo ($49.95 Test),850029132042,S
The Patriot Golf Polo ($49.95 Test),850029132042,S
The Patriot Golf Polo ($49.95 Test),850029132042,S
The Patriot Golf Polo ($49.95 Test),850029132042,S
The Patriot Golf Polo ($49.95 Test),850029132059,M
The Patriot Golf Polo ($49.95 Test),850029132059,M
The Patriot Golf Polo ($49.95 Test),850029132059,M
The Patriot Golf Polo ($49.95 Test),850029132059,M
The Patriot Golf Polo ($49.95 Test),850029132059,M
The Patriot Golf Polo ($49.95 Test),850029132066,L
The Patriot Golf Polo ($49.95 Test),850029132066,L
The Patriot Golf Polo ($49.95 Test),850029132066,L
The Patriot Golf Polo ($49.95 Test),850029132066,L
The Patriot Golf Polo ($49.95 Test),850029132066,L
The Patriot Golf Polo ($49.95 Test),850029132073,XL
The Patriot Golf Polo ($49.95 Test),850029132073,XL
The Patriot Golf Polo ($49.95 Test),850029132073,XL
The Patriot Golf Polo ($49.95 Test),850029132073,XL
The Patriot Golf Polo ($49.95 Test),850029132073,XL
The Patriot Golf Polo ($49.95 Test),850029132080,XXL
The Patriot Golf Polo ($49.95 Test),850029132080,XXL
The Patriot Golf Polo ($49.95 Test),850029132080,XXL
The Patriot Golf Polo ($49.95 Test),850029132080,XXL
The Patriot Golf Polo ($49.95 Test),850029132080,XXL
The Patriot Golf Polo ($49.95 Test),850029132097,3XL
The Patriot Golf Polo ($49.95 Test),850029132097,3XL
The Patriot Golf Polo ($49.95 Test),850029132097,3XL
The Patriot Golf Polo ($49.95 Test),850029132097,3XL
The Patriot Golf Polo ($49.95 Test),850029132097,3XL
The Patriot Golf Polo ($49.95 Test),850029132370,4XL
The Patriot Golf Polo ($49.95 Test),850029132370,4XL
The Patriot Golf Polo ($49.95 Test),850029132370,4XL
The Patriot Golf Polo ($49.95 Test),850029132370,4XL
The Patriot Golf Polo - MSRP $39.95,850029132042,S
The Patriot Golf Polo - MSRP $39.95,850029132042,S
The Patriot Golf Polo - MSRP $39.95,850029132042,S
The Patriot Golf Polo - MSRP $39.95,850029132042,S
The Patriot Golf Polo - MSRP $39.95,850029132042,S
The Patriot Golf Polo - MSRP $39.95,850029132059,M
The Patriot Golf Polo - MSRP $39.95,850029132059,M
The Patriot Golf Polo - MSRP $39.95,850029132059,M
The Patriot Golf Polo - MSRP $39.95,850029132059,M
The Patriot Golf Polo - MSRP $39.95,850029132059,M
The Patriot Golf Polo - MSRP $39.95,850029132066,L
The Patriot Golf Polo - MSRP $39.95,850029132066,L
The Patriot Golf Polo - MSRP $39.95,850029132066,L
The Patriot Golf Polo - MSRP $39.95,850029132066,L
The Patriot Golf Polo - MSRP $39.95,850029132066,L
The Patriot Golf Polo - MSRP $39.95,850029132073,XL
The Patriot Golf Polo - MSRP $39.95,850029132073,XL
The Patriot Golf Polo - MSRP $39.95,850029132073,XL
The Patriot Golf Polo - MSRP $39.95,850029132073,XL
The Patriot Golf Polo - MSRP $39.95,850029132073,XL
The Patriot Golf Polo - MSRP $39.95,850029132080,XXL
The Patriot Golf Polo - MSRP $39.95,850029132080,XXL
The Patriot Golf Polo - MSRP $39.95,850029132080,XXL
The Patriot Golf Polo - MSRP $39.95,850029132080,XXL
The Patriot Golf Polo - MSRP $39.95,850029132080,XXL
The Patriot Golf Polo - MSRP $39.95,850029132097,3XL
The Patriot Golf Polo - MSRP $39.95,850029132097,3XL
The Patriot Golf Polo - MSRP $39.95,850029132097,3XL
The Patriot Golf Polo - MSRP $39.95,850029132097,3XL
The Patriot Golf Polo - MSRP $39.95,850029132097,3XL
The Patriot Golf Polo - MSRP $39.95,850029132370,4XL
The Patriot Golf Polo - MSRP $39.95,850029132370,4XL
The Patriot Golf Polo - MSRP $39.95,850029132370,4XL
The Patriot Golf Polo - MSRP $39.95,850029132370,4XL
The Patriot Women's Golf Polo,810111401906,3XL
The Patriot Women's Golf Polo,810111409186,4XL
The Patriot Women's Golf Polo,850040321036,XS
The Patriot Women's Golf Polo,850040321043,S
The Patriot Women's Golf Polo,850040321050,M
The Patriot Women's Golf Polo,850040321067,L
The Patriot Women's Golf Polo,850040321074,XL
The Patriot Women's Golf Polo,850040321081,XXL
The Patriot Women's Sleeveless Golf Polo,810151234182,XS
The Patriot Women's Sleeveless Golf Polo,810151234199,S
The Patriot Women's Sleeveless Golf Polo,810151234205,M
The Patriot Women's Sleeveless Golf Polo,810151234212,L
The Patriot Women's Sleeveless Golf Polo,810151234229,XL
The Patriot Women's Sleeveless Golf Polo,810151234236,XXL
The Patriot Women's Sleeveless Golf Polo,810151234564,3XL
The People's Polo. LIMITED EDITION.,810111403931,S
The People's Polo. LIMITED EDITION.,810111403948,M
The People's Polo. LIMITED EDITION.,810111403955,L
The People's Polo. LIMITED EDITION.,810111403962,XL
The People's Polo. LIMITED EDITION.,810111403979,XXL
The People's Polo. LIMITED EDITION.,810111403986,3XL
The People's Polo. LIMITED EDITION.,810111403993,4XL
The People's Polo. LIMITED EDITION.,810111404006,S
The People's Polo. LIMITED EDITION.,810111404013,M
The People's Polo. LIMITED EDITION.,810111404020,L
The People's Polo. LIMITED EDITION.,810111404037,XL
The People's Polo. LIMITED EDITION.,810111404044,XXL
The People's Polo. LIMITED EDITION.,810111404051,3XL
The People's Polo. LIMITED EDITION.,810111404068,4XL
The People's Polo. LIMITED EDITION.,810111404075,S
The People's Polo. LIMITED EDITION.,810111404082,M
The People's Polo. LIMITED EDITION.,810111404099,L
The People's Polo. LIMITED EDITION.,810111404105,XL
The People's Polo. LIMITED EDITION.,810111404112,XXL
The People's Polo. LIMITED EDITION.,810111404129,3XL
The People's Polo. LIMITED EDITION.,810111404136,4XL
The People's Polo. Women's. LIMITED EDITION.,"00810111404266""",XXL
The People's Polo. Women's. LIMITED EDITION.,"00810111404297""",S
The People's Polo. Women's. LIMITED EDITION.,810111404143,XS
The People's Polo. Women's. LIMITED EDITION.,810111404150,S
The People's Polo. Women's. LIMITED EDITION.,810111404167,M
The People's Polo. Women's. LIMITED EDITION.,810111404174,L
The People's Polo. Women's. LIMITED EDITION.,810111404181,XL
The People's Polo. Women's. LIMITED EDITION.,810111404198,XXL
The People's Polo. Women's. LIMITED EDITION.,810111404204,3XL
The People's Polo. Women's. LIMITED EDITION.,810111404211,XS
The People's Polo. Women's. LIMITED EDITION.,810111404228,S
The People's Polo. Women's. LIMITED EDITION.,810111404235,M
The People's Polo. Women's. LIMITED EDITION.,810111404242,L
The People's Polo. Women's. LIMITED EDITION.,810111404259,XL
The People's Polo. Women's. LIMITED EDITION.,810111404273,3XL
The People's Polo. Women's. LIMITED EDITION.,810111404280,XS
The People's Polo. Women's. LIMITED EDITION.,810111404303,M
The People's Polo. Women's. LIMITED EDITION.,810111404310,L
The People's Polo. Women's. LIMITED EDITION.,810111404327,XL
The People's Polo. Women's. LIMITED EDITION.,810111404334,XXL
The People's Polo. Women's. LIMITED EDITION.,810111404341,3XL
The US Polo. LIMITED EDITION.,810111408424,S
The US Polo. LIMITED EDITION.,810111408431,M
The US Polo. LIMITED EDITION.,810111408448,L
The US Polo. LIMITED EDITION.,810111408455,XL
The US Polo. LIMITED EDITION.,810111408462,XXL
The US Polo. LIMITED EDITION.,810111408479,3XL
The US Polo. LIMITED EDITION.,810111408486,4XL
The US Polo. Women's. LIMITED EDITION.,810111408493,XS
The US Polo. Women's. LIMITED EDITION.,810111408509,S
The US Polo. Women's. LIMITED EDITION.,810111408516,M
The US Polo. Women's. LIMITED EDITION.,810111408523,L
The US Polo. Women's. LIMITED EDITION.,810111408530,XL
The US Polo. Women's. LIMITED EDITION.,810111408547,XXL
The US Polo. Women's. LIMITED EDITION.,810111408554,3XL
The White Polo,810111403511,4XL
The White Polo,810111409018,M
The White Polo,810111409896,S
The White Polo,810111409902,3XL
The White Polo,810111409919,L
The White Polo,810111409926,XL
The White Polo,810111409933,XXL
Thin Blue Line Golf Polo,850040321814,S
Thin Blue Line Golf Polo,850040321821,M
Thin Blue Line Golf Polo,850040321838,L
Thin Blue Line Golf Polo,850040321845,XL
Thin Blue Line Golf Polo,850040321852,XXL
Thin Blue Line Golf Polo,850040321869,3XL
Thin Blue Line Golf Polo,850040321876,4XL
Tiger Camo Golf Polo,810111401760,4XL
Tiger Camo Golf Polo,810111401777,3XL
Tiger Camo Golf Polo,810111401784,XXL
Tiger Camo Golf Polo,810111401791,XL
Tiger Camo Golf Polo,810111401807,L
Tiger Camo Golf Polo,810111401814,M
Tiger Camo Golf Polo,810111401821,S
Timpanogos Golf Polo - MSRP $39.95,850029132479,S
Timpanogos Golf Polo - MSRP $39.95,850029132486,M
Timpanogos Golf Polo - MSRP $39.95,850029132493,L
Timpanogos Golf Polo - MSRP $39.95,850029132509,XL
Timpanogos Golf Polo - MSRP $39.95,850029132516,XXL
Timpanogos Golf Polo - MSRP $39.95,850029132523,3XL
Timpanogos Golf Polo - MSRP $39.95,850029132530,4XL
Tribe Vibe Golf Polo,810111405461,S
Tribe Vibe Golf Polo,810111405478,M
Tribe Vibe Golf Polo,810111405485,L
Tribe Vibe Golf Polo,810111405492,XL
Tribe Vibe Golf Polo,810111405508,XXL
Tribe Vibe Golf Polo,810111405515,3XL
Tribe Vibe Golf Polo,810111405522,4XL
Tropical Blues Golf Polo,810111403474,3XL
Tropical Blues Golf Polo,810111403481,4XL
Tropical Blues Golf Polo,810111403573,S
Tropical Blues Golf Polo,810111403580,M
Tropical Blues Golf Polo,810111403597,L
Tropical Blues Golf Polo,810111403603,XL
Tropical Blues Golf Polo,810111403610,XXL
Tropical Chill Golf Polo,850030643452,S
Tropical Chill Golf Polo,850030643469,M
Tropical Chill Golf Polo,850030643476,L
Tropical Chill Golf Polo,850030643483,XL
Tropical Chill Golf Polo,850030643490,XXL
Tropical Chill Golf Polo,850030643537,3XL
Tropical Chill Golf Polo,850030643544,4XL
Tropical Chill Women's Golf Polo,810111400541,XS
Tropical Chill Women's Golf Polo,810111400558,S
Tropical Chill Women's Golf Polo,810111400565,M
Tropical Chill Women's Golf Polo,810111400572,L
Tropical Chill Women's Golf Polo,810111400589,XL
Tropical Chill Women's Golf Polo,810111400596,XXL
Tropical Chill Women's Golf Polo,810111400602,3XL
Tropical Cloud Hoodie - Men's,810151236735,S
Tropical Cloud Hoodie - Men's,810151236742,M
Tropical Cloud Hoodie - Men's,810151236759,L
Tropical Cloud Hoodie - Men's,810151236766,XL
Tropical Cloud Hoodie - Men's,810151236773,XXL
Tropical Cloud Hoodie - Men's,810151237664,XS
Tropical Cloud Hoodie - Men's,810151237671,3XL
Tropical Mist Golf Polo,810151231228,S
Tropical Mist Golf Polo,810151231235,M
Tropical Mist Golf Polo,810151231242,L
Tropical Mist Golf Polo,810151231259,XL
Tropical Mist Golf Polo,810151231266,XXL
Tropical Mist Golf Polo,810151231273,3XL
Tropical Mist Golf Polo,810151231280,4XL
Tropical Mist Women's Golf Polo,810151239194,XS
Tropical Mist Women's Golf Polo,810151239200,S
Tropical Mist Women's Golf Polo,810151239217,M
Tropical Mist Women's Golf Polo,810151239224,L
Tropical Mist Women's Golf Polo,810151239231,XL
Tropical Mist Women's Golf Polo,810151239248,XXL
Tropical Mist Women's Golf Polo,810151239255,3XL
Tropical Mist Youth Golf Polo,810111404907,YXS
Tropical Mist Youth Golf Polo,810111404914,YS
Tropical Mist Youth Golf Polo,810111404921,YM
Tropical Mist Youth Golf Polo,810111404938,YL
Tropical Mist Youth Golf Polo,810111404945,YXL
Tropical Twilight Women's Golf Polo,810111405959,XS
Tropical Twilight Women's Golf Polo,810111405966,S
Tropical Twilight Women's Golf Polo,810111405973,M
Tropical Twilight Women's Golf Polo,810111405980,L
Tropical Twilight Women's Golf Polo,810111405997,XL
Tropical Twilight Women's Golf Polo,810111406000,XXL
Tropical Twilight Women's Golf Polo,810111406017,3XL
Twilight Tee Time Women's Golf Polo,810151232836,XS
Twilight Tee Time Women's Golf Polo,810151232843,S
Twilight Tee Time Women's Golf Polo,810151232850,M
Twilight Tee Time Women's Golf Polo,810151232867,L
Twilight Tee Time Women's Golf Polo,810151232874,XL
Twilight Tee Time Women's Golf Polo,810151232881,XXL
Twilight Tee Time Women's Golf Polo,810151232898,3XL
Vegas Golf Polo,810029132806,3XL
Vegas Golf Polo,810029132806,3XL
Vegas Golf Polo,810029132806,3XL
Vegas Golf Polo,850029132752,S
Vegas Golf Polo,850029132752,S
Vegas Golf Polo,850029132752,S
Vegas Golf Polo,850029132769,M
Vegas Golf Polo,850029132769,M
Vegas Golf Polo,850029132769,M
Vegas Golf Polo,850029132776,L
Vegas Golf Polo,850029132776,L
Vegas Golf Polo,850029132776,L
Vegas Golf Polo,850029132783,XL
Vegas Golf Polo,850029132783,XL
Vegas Golf Polo,850029132783,XL
Vegas Golf Polo,850029132790,XXL
Vegas Golf Polo,850029132790,XXL
Vegas Golf Polo,850029132790,XXL
Vegas Golf Polo,850029132813,4XL
Vegas Golf Polo,850029132813,4XL
Vegas Golf Polo,850029132813,4XL
Vibe Maikai'i Golf Polo,850029132400,S
Vibe Maikai'i Golf Polo,850029132400,S
Vibe Maikai'i Golf Polo,850029132417,M
Vibe Maikai'i Golf Polo,850029132417,M
Vibe Maikai'i Golf Polo,850029132424,L
Vibe Maikai'i Golf Polo,850029132424,L
Vibe Maikai'i Golf Polo,850029132431,XL
Vibe Maikai'i Golf Polo,850029132431,XL
Vibe Maikai'i Golf Polo,850029132448,XXL
Vibe Maikai'i Golf Polo,850029132448,XXL
Vibe Maikai'i Golf Polo,850029132455,3XL
Vibe Maikai'i Golf Polo,850029132455,3XL
Vibe Maikai'i Golf Polo,850029132462,4XL
Vibe Maikai'i Golf Polo,850029132462,4XL
Vibe Maikai'i Golf Polo - MSRP $39.95,850029132400,S
Vibe Maikai'i Golf Polo - MSRP $39.95,850029132400,S
Vibe Maikai'i Golf Polo - MSRP $39.95,850029132417,M
Vibe Maikai'i Golf Polo - MSRP $39.95,850029132417,M
Vibe Maikai'i Golf Polo - MSRP $39.95,850029132424,L
Vibe Maikai'i Golf Polo - MSRP $39.95,850029132424,L
Vibe Maikai'i Golf Polo - MSRP $39.95,850029132431,XL
Vibe Maikai'i Golf Polo - MSRP $39.95,850029132431,XL
Vibe Maikai'i Golf Polo - MSRP $39.95,850029132448,XXL
Vibe Maikai'i Golf Polo - MSRP $39.95,850029132448,XXL
Vibe Maikai'i Golf Polo - MSRP $39.95,850029132455,3XL
Vibe Maikai'i Golf Polo - MSRP $39.95,850029132455,3XL
Vibe Maikai'i Golf Polo - MSRP $39.95,850029132462,4XL
Vibe Maikai'i Golf Polo - MSRP $39.95,850029132462,4XL
Vintage Blue Women's Golf Polo,810111407007,XS
Vintage Blue Women's Golf Polo,810111407014,S
Vintage Blue Women's Golf Polo,810111407021,M
Vintage Blue Women's Golf Polo,810111407038,L
Vintage Blue Women's Golf Polo,810111407045,XL
Vintage Blue Women's Golf Polo,810111407052,XXL
Vintage Blue Women's Golf Polo,810111407069,3XL
Vintage King Golf Polo,810111401555,4XL
Vintage King Golf Polo,810111401562,3XL
Vintage King Golf Polo,810111401579,XXL
Vintage King Golf Polo,810111401586,XL
Vintage King Golf Polo,810111401593,L
Vintage King Golf Polo,810111401609,M
Vintage King Golf Polo,810111401616,S
Violet Vogue Women's Golf Polo,810111406659,XS
Violet Vogue Women's Golf Polo,810111406666,S
Violet Vogue Women's Golf Polo,810111406673,M
Violet Vogue Women's Golf Polo,810111406680,L
Violet Vogue Women's Golf Polo,810111406697,XL
Violet Vogue Women's Golf Polo,810111406703,XXL
Violet Vogue Women's Golf Polo,810111406710,3XL
Violet Vogue Women's Sleeveless Golf Polo,810151234243,XS
Violet Vogue Women's Sleeveless Golf Polo,810151234250,S
Violet Vogue Women's Sleeveless Golf Polo,810151234267,M
Violet Vogue Women's Sleeveless Golf Polo,810151234274,L
Violet Vogue Women's Sleeveless Golf Polo,810151234281,XL
Violet Vogue Women's Sleeveless Golf Polo,810151234298,XXL
Violet Vogue Women's Sleeveless Golf Polo,810151234595,3XL
Virginia Breeze Golf Polo,810111401692,4XL
Virginia Breeze Golf Polo,810111401708,3XL
Virginia Breeze Golf Polo,810111401715,XXL
Virginia Breeze Golf Polo,810111401722,XL
Virginia Breeze Golf Polo,810111401739,L
Virginia Breeze Golf Polo,810111401746,M
Virginia Breeze Golf Polo,810111401753,S
Waste Land Polo. LIMITED EDITION.,810151237152,S
Waste Land Polo. LIMITED EDITION.,810151237169,M
Waste Land Polo. LIMITED EDITION.,810151237176,L
Waste Land Polo. LIMITED EDITION.,810151237183,XL
Waste Land Polo. LIMITED EDITION.,810151237190,XXL
Waste Land Polo. LIMITED EDITION.,810151237206,3XL
Waste Land Polo. LIMITED EDITION.,810151237213,4XL
Waste Land Polo. Women's. LIMITED EDITION.,810151237367,XS
Waste Land Polo. Women's. LIMITED EDITION.,810151237374,S
Waste Land Polo. Women's. LIMITED EDITION.,810151237381,M
Waste Land Polo. Women's. LIMITED EDITION.,810151237398,L
Waste Land Polo. Women's. LIMITED EDITION.,810151237404,XL
Waste Land Polo. Women's. LIMITED EDITION.,810151237411,XXL
Waste Land Polo. Women's. LIMITED EDITION.,810151237428,3XL
White 8-Track Golf Hat,810111408783,Default Title
White Baby Fade Golf Hat,810111408813,Default Title
White Enjoy Life Performance T-Shirt,810111408837,S
White Enjoy Life Performance T-Shirt,810111408844,M
White Enjoy Life Performance T-Shirt,810111408851,L
White Enjoy Life Performance T-Shirt,810111408868,XL
White Enjoy Life Performance T-Shirt,810151233871,XXL
White Enjoy Life Performance T-Shirt,810151233888,3XL
White Enjoy Life Performance T-Shirt,810151233895,4XL
White Hoodie - Men's,810151236988,S
White Hoodie - Men's,810151236995,M
White Hoodie - Men's,810151237008,L
White Hoodie - Men's,810151237015,XL
White Hoodie - Men's,810151237022,XXL
White Hoodie - Men's,810151237763,XS
White Hoodie - Men's,810151237770,3XL
White Just Beachy Golf Hat,810111408769,Default Title
White Purplicious Golf Hat,810111408790,Default Title
White Quarter Zip - Men's,810151236933,S
White Quarter Zip - Men's,810151236940,M
White Quarter Zip - Men's,810151236957,L
White Quarter Zip - Men's,810151236964,XL
White Quarter Zip - Men's,810151236971,XXL
White Quarter Zip - Men's,810151237725,XS
White Quarter Zip - Men's,810151237732,3XL
,,
